[
    {
        "type": "mod_tileset", 
        "compatibility": ["UNDEAD_PEOPLE_BASE", "UNDEAD_PEOPLE", "MshockRealXotto", "MSX++DEAD_PEOPLE"],
        "tiles-new": [
            {
                "file": "./tile/PSY_monster_001.png", 
                "tiles": [
                    {
                        "id": "PSY_magi_mon_vine_tentacle", 
                        "fg": 0
                    }
                ], 
            "//": "range 0 to 0", 
            "sprite_width": 32, 
            "sprite_height": 32,
            "sprite_offset_x": 0, 
            "sprite_offset_y": 0
            },

            {
                "file": "./tile/PSY_monster_002.png", 
                "tiles": [
                    {
                        "id": "PSY_magi_mon_plant_shooter", 
                        "fg": 1
                    }
                ], 
            "//": "range 0 to 0", 
            "sprite_width": 32, 
            "sprite_height": 32,
            "sprite_offset_x": 0, 
            "sprite_offset_y": 0
            },

            {
                "file": "./tile/PSY_wall_001.png", 
                "tiles": [
                    {
                        "id": "vp_PSY_magi_plant_xlhalfboard", 
                        "fg": 2,
                        "rotates": false, 
                        "multitile": true,
                        "additional_tiles": [{"id": "broken", "fg": 2}]
                    }
                ], 
            "//": "range 0 to 0", 
            "sprite_width": 32, 
            "sprite_height": 32,
            "sprite_offset_x": 0, 
            "sprite_offset_y": 0
            },

            {
                "file": "./tile/PSY_wall_002.png", 
                "tiles": [
                    {
                        "id": "vp_PSY_magi_frame_vine", 
                        "fg": 3,
                        "rotates": false, 
                        "multitile": true,
                        "additional_tiles": [{"id": "broken", "fg": 3}]
                    }
                ], 
            "//": "range 0 to 0", 
            "sprite_width": 32, 
            "sprite_height": 32,
            "sprite_offset_x": 0, 
            "sprite_offset_y": 0
            },

            {
                "file": "./tile/PSY_field_001.png", 
                "tiles": [
                    {
                        "id": "fd_PSY_magi_summon_gate", 
                        "fg": 4,
                        "rotates": false
                    }
                ], 
            "//": "range 0 to 0", 
            "sprite_width": 32, 
            "sprite_height": 32,
            "sprite_offset_x": 0, 
            "sprite_offset_y": 0
            },

            {
                "file": "./tile/PSY_monster_003.png", 
                "tiles": [
                    {
                        "id": "PSY_magi_mon_push_orb", 
                        "fg": 5
                    }
                ], 
            "//": "range 0 to 0", 
            "sprite_width": 32, 
            "sprite_height": 32,
            "sprite_offset_x": 0, 
            "sprite_offset_y": 0
            },

            {
                "file": "./tile/PSY_monster_004.png", 
                "tiles": [
                    {
                        "id": "PSY_magi_mon_flying_skul", 
                        "fg": 6
                    }
                ], 
            "//": "range 0 to 0", 
            "sprite_width": 32, 
            "sprite_height": 32,
            "sprite_offset_x": 0, 
            "sprite_offset_y": 0
            },

            {
                "file": "./tile/PSY_monster_005.png", 
                "tiles": [
                    {
                        "id": "PSY_magi_mon_ethereal_turret", 
                        "fg": 7
                    }
                ], 
            "//": "range 0 to 0", 
            "sprite_width": 32, 
            "sprite_height": 32,
            "sprite_offset_x": 0, 
            "sprite_offset_y": 0
            },

            {
                "file": "./tile/PSY_monster_006.png", 
                "tiles": [
                    {
                        "id": "PSY_magi_mon_black_hole", 
                        "fg": 8
                    }
                ], 
            "//": "range 0 to 0", 
            "sprite_width": 32, 
            "sprite_height": 32,
            "sprite_offset_x": 0, 
            "sprite_offset_y": 0
            },

            {
                "file": "./tile/PSY_monster_007.png", 
                "tiles": [
                    {
                        "id": "PSY_magi_mon_resurrect_wisp", 
                        "fg": 9
                    }
                ], 
            "//": "range 0 to 0", 
            "sprite_width": 32, 
            "sprite_height": 32,
            "sprite_offset_x": 0, 
            "sprite_offset_y": 0
            },

            {
                "file": "./tile/PSY_field_002.png", 
                "tiles": [
                    {
                        "id": "fd_PSY_magi_tangled_vine", 
                        "fg": 10,
                        "rotates": false
                    }
                ], 
            "//": "range 0 to 0", 
            "sprite_width": 32, 
            "sprite_height": 32,
            "sprite_offset_x": 0, 
            "sprite_offset_y": 0
            },

            {
                "file": "./tile/PSY_field_003.png", 
                "tiles": [
                    {
                        "id": "fd_PSY_magi_Accelerator_field", 
                        "fg": 11,
                        "rotates": false
                    }
                ], 
            "//": "range 0 to 0", 
            "sprite_width": 32, 
            "sprite_height": 32,
            "sprite_offset_x": 0, 
            "sprite_offset_y": 0
            },

            {
                "file": "./tile/PSY_field_004.png", 
                "tiles": [
                    {
                        "id": "fd_PSY_magi_Sanctuary", 
                        "fg": 12,
                        "rotates": false
                    }
                ], 
            "//": "range 0 to 0", 
            "sprite_width": 32, 
            "sprite_height": 32,
            "sprite_offset_x": 0, 
            "sprite_offset_y": 0
            },

            {
                "file": "./tile/PSY_monster_008.png", 
                "tiles": [
                    {
                        "id": "PSY_magi_mon_Guided_missile", 
                        "fg": 13
                    }
                ], 
            "//": "range 0 to 0", 
            "sprite_width": 32, 
            "sprite_height": 32,
            "sprite_offset_x": 0, 
            "sprite_offset_y": 0
            },

            {
                "file": "./tile/PSY_monster_009.png", 
                "tiles": [
                    {
                        "id": "PSY_magi_mon_decoy_wood", 
                        "fg": 14
                    }
                ], 
            "//": "range 0 to 0", 
            "sprite_width": 32, 
            "sprite_height": 32,
            "sprite_offset_x": 0, 
            "sprite_offset_y": 0
            },

            {
                "file": "./tile/PSY_monster_010.png", 
                "tiles": [
                    {
                        "id": "PSY_magi_mon_lightning_tornado", 
                        "fg": 15
                    }
                ], 
            "//": "range 0 to 0", 
            "sprite_width": 32, 
            "sprite_height": 32,
            "sprite_offset_x": 0, 
            "sprite_offset_y": 0
            },

            {
                "file": "./tile/PSY_foods_001.png", 
                "tiles": [
                    {
                        "id": "fd_PSY_magi_apple_orchard", 
                        "fg": 16,
                        "rotates": false
                    }
                ], 
            "//": "range 0 to 0", 
            "sprite_width": 32, 
            "sprite_height": 32,
            "sprite_offset_x": 0, 
            "sprite_offset_y": 0
            },

            {
                "file": "./tile/PSY_foods_002.png", 
                "tiles": [
                    {
                        "id": "fd_PSY_magi_banana_orchard", 
                        "fg": 17,
                        "rotates": false
                    }
                ], 
            "//": "range 0 to 0", 
            "sprite_width": 32, 
            "sprite_height": 32,
            "sprite_offset_x": 0, 
            "sprite_offset_y": 0
            },

            {
                "file": "./tile/PSY_foods_003.png", 
                "tiles": [
                    {
                        "id": "fd_PSY_magi_blueberries_orchard", 
                        "fg": 18,
                        "rotates": false
                    }
                ], 
            "//": "range 0 to 0", 
            "sprite_width": 32, 
            "sprite_height": 32,
            "sprite_offset_x": 0, 
            "sprite_offset_y": 0
            },

            {
                "file": "./tile/PSY_foods_004.png", 
                "tiles": [
                    {
                        "id": "fd_PSY_magi_lemon_orchard", 
                        "fg": 19,
                        "rotates": false
                    }
                ], 
            "//": "range 0 to 0", 
            "sprite_width": 32, 
            "sprite_height": 32,
            "sprite_offset_x": 0, 
            "sprite_offset_y": 0
            },

            {
                "file": "./tile/PSY_foods_005.png", 
                "tiles": [
                    {
                        "id": "fd_PSY_magi_Strawberries_orchard", 
                        "fg": 20,
                        "rotates": false
                    }
                ], 
            "//": "range 0 to 0", 
            "sprite_width": 32, 
            "sprite_height": 32,
            "sprite_offset_x": 0, 
            "sprite_offset_y": 0
            },

            {
                "file": "./tile/PSY_monster_011.png", 
                "tiles": [
                    {
                        "id": "PSY_magi_mon_fear_totem", 
                        "fg": 21
                    }
                ], 
            "//": "range 0 to 0", 
            "sprite_width": 32, 
            "sprite_height": 32,
            "sprite_offset_x": 0, 
            "sprite_offset_y": 0
            },

            {
                "file": "./tile/PSY_monster_012.png", 
                "tiles": [
                    {
                        "id": "PSY_magi_mon_charm_totem", 
                        "fg": 22
                    }
                ], 
            "//": "range 0 to 0", 
            "sprite_width": 32, 
            "sprite_height": 32,
            "sprite_offset_x": 0, 
            "sprite_offset_y": 0
            },

            {
                "file": "./tile/PSY_monster_013.png", 
                "tiles": [
                    {
                        "id": "PSY_magi_mon_blind_totem", 
                        "fg": 23
                    }
                ], 
            "//": "range 0 to 0", 
            "sprite_width": 32, 
            "sprite_height": 32,
            "sprite_offset_x": 0, 
            "sprite_offset_y": 0
            },

            {
                "file": "./tile/PSY_field_005.png", 
                "tiles": [
                    {
                        "id": "fd_PSY_magi_caltrop", 
                        "fg": 24,
                        "rotates": false
                    }
                ], 
            "//": "range 0 to 0", 
            "sprite_width": 32, 
            "sprite_height": 32,
            "sprite_offset_x": 0, 
            "sprite_offset_y": 0
            },

            {
                "file": "./tile/PSY_monster_L_001.png", 
                "tiles": [
                    {
                        "id": "PSY_magi_mon_skeleton_snake", 
                        "fg": 25
                    }
                ], 
            "//": "range 0 to 0", 
            "sprite_width": 48, 
            "sprite_height": 48,
            "sprite_offset_x": -12, 
            "sprite_offset_y": -12
            },
            
            {
                "file": "./tile/PSY_items_001.png", 
                "tiles": [
                    {
                        "id": "PSY_magi_alien_advanced", 
                        "fg": 26,
                        "rotates": false
                    }
                ], 
            "//": "range 0 to 0", 
            "sprite_width": 32, 
            "sprite_height": 32,
            "sprite_offset_x": 0, 
            "sprite_offset_y": 0
            },

            {
                "file": "./tile/PSY_items_002.png", 
                "tiles": [
                    {
                        "id": "PSY_magi_unholy_summoning_advanced", 
                        "fg": 27,
                        "rotates": false
                    }
                ], 
            "//": "range 0 to 0", 
            "sprite_width": 32, 
            "sprite_height": 32,
            "sprite_offset_x": 0, 
            "sprite_offset_y": 0
            },

            {
                "file": "./tile/PSY_items_003.png", 
                "tiles": [
                    {
                        "id": "PSY_magi_ninja_instruction", 
                        "fg": 28,
                        "rotates": false
                    }
                ], 
            "//": "range 0 to 0", 
            "sprite_width": 32, 
            "sprite_height": 32,
            "sprite_offset_x": 0, 
            "sprite_offset_y": 0
            },

            {
                "file": "./tile/PSY_items_004.png", 
                "tiles": [
                    {
                        "id": "PSY_magi_create_items_spellbook", 
                        "fg": 29,
                        "rotates": false
                    }
                ], 
            "//": "range 0 to 0", 
            "sprite_width": 32, 
            "sprite_height": 32,
            "sprite_offset_x": 0, 
            "sprite_offset_y": 0
            },

            {
                "file": "./tile/PSY_items_005.png", 
                "tiles": [
                    {
                        "id": "PSY_magi_the_fear_of_disaster", 
                        "fg": 30,
                        "rotates": false
                    }
                ], 
            "//": "range 0 to 0", 
            "sprite_width": 32, 
            "sprite_height": 32,
            "sprite_offset_x": 0, 
            "sprite_offset_y": 0
            },

            {
                "file": "./tile/PSY_items_006.png", 
                "tiles": [
                    {
                        "id": "PSY_magi_Vegetable_paradox", 
                        "fg": 31,
                        "rotates": false
                    }
                ], 
            "//": "range 0 to 0", 
            "sprite_width": 32, 
            "sprite_height": 32,
            "sprite_offset_x": 0, 
            "sprite_offset_y": 0
            },

            {
                "file": "./tile/PSY_items_007.png", 
                "tiles": [
                    {
                        "id": "PSY_magi_create_totems_spellbook", 
                        "fg": 32,
                        "rotates": false
                    }
                ], 
            "//": "range 0 to 0", 
            "sprite_width": 32, 
            "sprite_height": 32,
            "sprite_offset_x": 0, 
            "sprite_offset_y": 0
            },

            {
                "file": "./tile/PSY_monster_014.png", 
                "tiles": [
                    {
                        "id": "PSY_magi_mon_plague_totem", 
                        "fg": 33
                    }
                ], 
            "//": "range 0 to 0", 
            "sprite_width": 32, 
            "sprite_height": 32,
            "sprite_offset_x": 0, 
            "sprite_offset_y": 0
            },

            {
                "file": "./tile/PSY_monster_015.png", 
                "tiles": [
                    {
                        "id": "PSY_magi_mon_taunt_totem", 
                        "fg": 34
                    }
                ], 
            "//": "range 0 to 0", 
            "sprite_width": 32, 
            "sprite_height": 32,
            "sprite_offset_x": 0, 
            "sprite_offset_y": 0
            },

            {
                "file": "./tile/PSY_monster_016.png", 
                "tiles": [
                    {
                        "id": "PSY_magi_mon_stun_totem", 
                        "fg": 35
                    }
                ], 
            "//": "range 0 to 0", 
            "sprite_width": 32, 
            "sprite_height": 32,
            "sprite_offset_x": 0, 
            "sprite_offset_y": 0
            },

            {
                "file": "./tile/PSY_monster_018.png", 
                "tiles": [
                    {
                        "id": "PSY_magi_mon_deaf_totem", 
                        "fg": 36
                    }
                ], 
            "//": "range 0 to 0", 
            "sprite_width": 32, 
            "sprite_height": 32,
            "sprite_offset_x": 0, 
            "sprite_offset_y": 0
            },

            {
                "file": "./tile/PSY_field_006.png", 
                "tiles": [
                    {
                        "id": "fd_PSY_magi_spotlight", 
                        "fg": 37,
                        "rotates": false
                    }
                ], 
            "//": "range 0 to 0", 
            "sprite_width": 32, 
            "sprite_height": 32,
            "sprite_offset_x": 0, 
            "sprite_offset_y": 0
            },

            {
                "file": "./tile/PSY_monster_020.png", 
                "tiles": [
                    {
                        "id": "PSY_magi_mon_blight_box", 
                        "fg": 38
                    }
                ], 
            "//": "range 0 to 0", 
            "sprite_width": 32, 
            "sprite_height": 32,
            "sprite_offset_x": 0, 
            "sprite_offset_y": 0
            },

            {
                "file": "./tile/PSY_monster_017.png", 
                "tiles": [
                    {
                        "id": "PSY_magi_mon_Strengthening_totem", 
                        "fg": 39
                    }
                ], 
            "//": "range 0 to 0", 
            "sprite_width": 32, 
            "sprite_height": 32,
            "sprite_offset_x": 0, 
            "sprite_offset_y": 0
            },

            {
                "file": "./tile/PSY_monster_019.png", 
                "tiles": [
                    {
                        "id": "PSY_magi_mon_plague_rat_totem", 
                        "fg": 40
                    }
                ], 
            "//": "range 0 to 0", 
            "sprite_width": 32, 
            "sprite_height": 32,
            "sprite_offset_x": 0, 
            "sprite_offset_y": 0
            },

            {
                "file": "./tile/PSY_monster_021.png", 
                "tiles": [
                    {
                        "id": "PSY_magi_mon_plague_rat", 
                        "fg": 41
                    }
                ], 
            "//": "range 0 to 0", 
            "sprite_width": 32, 
            "sprite_height": 32,
            "sprite_offset_x": 0, 
            "sprite_offset_y": 0
            },

            {
                "file": "./tile/PSY_field_007.png", 
                "tiles": [
                    {
                        "id": "fd_PSY_magi_plague_bite", 
                        "fg": 42,
                        "rotates": false
                    }
                ], 
            "//": "range 0 to 0", 
            "sprite_width": 32, 
            "sprite_height": 32,
            "sprite_offset_x": 0, 
            "sprite_offset_y": 0
            },

            {
                "file": "./tile/PSY_monster_022.png", 
                "tiles": [
                    {
                        "id": "PSY_magi_mon_plague_rat2", 
                        "fg": 43
                    }
                ], 
            "//": "range 0 to 0", 
            "sprite_width": 32, 
            "sprite_height": 32,
            "sprite_offset_x": 0, 
            "sprite_offset_y": 0
            },

            {
                "file": "./tile/PSY_monster_024.png", 
                "tiles": [
                    {
                        "id": "PSY_magi_mon_skeleton_grave", 
                        "fg": 44
                    }
                ], 
            "//": "range 0 to 0", 
            "sprite_width": 32, 
            "sprite_height": 32,
            "sprite_offset_x": 0, 
            "sprite_offset_y": 0
            },

            {
                "file": "./tile/PSY_monster_025.png", 
                "tiles": [
                    {
                        "id": "PSY_magi_mon_zombie_skeltal_minion", 
                        "fg": 45
                    }
                ], 
            "//": "range 0 to 0", 
            "sprite_width": 32, 
            "sprite_height": 32,
            "sprite_offset_x": 0, 
            "sprite_offset_y": 0
            },

            {
                "file": "./tile/PSY_monster_L_003.png", 
                "tiles": [
                    {
                        "id": "PSY_magi_mon_crystal_golem", 
                        "fg": 46
                    }
                ], 
            "//": "range 0 to 0", 
            "sprite_width": 64, 
            "sprite_height": 64,
            "sprite_offset_x": -16, 
            "sprite_offset_y": -32
            },

            {
                "file": "./tile/PSY_monster_026.png", 
                "tiles": [
                    {
                        "id": "PSY_magi_mon_shock_wave", 
                        "fg": 47
                    }
                ], 
            "//": "range 0 to 0", 
            "sprite_width": 32, 
            "sprite_height": 32,
            "sprite_offset_x": 0, 
            "sprite_offset_y": 0
            },

            {
                "file": "./tile/PSY_items_008.png", 
                "tiles": [
                    {
                        "id": "PSY_magi_wand_summon_insects", 
                        "fg": 48
                    }
                ], 
            "//": "range 0 to 0", 
            "sprite_width": 32, 
            "sprite_height": 32,
            "sprite_offset_x": 0, 
            "sprite_offset_y": 0
            },

            {
                "file": "./tile/PSY_items_008_wierd.png", 
                "tiles": [

                    {
                        "id": "overlay_wielded_PSY_magi_wand_summon_insects", 
                        "fg": 49
                    }
                ], 
            "//": "range 4 to 4", 
            "sprite_width": 48, 
            "sprite_height": 48,
            "sprite_offset_x": -8, 
            "sprite_offset_y": -8
            },

            {
                "file": "./tile/mon_cutlery_1.png", 
                "tiles": [
                    {
                        "id": "PSY_magi_mon_spoon", 
                        "fg": 50
                    }
                ], 
            "//": "range 0 to 0", 
            "sprite_width": 32, 
            "sprite_height": 32,
            "sprite_offset_x": 0, 
            "sprite_offset_y": 0
            },

            {
                "file": "./tile/mon_cutlery_2.png", 
                "tiles": [
                    {
                        "id": "PSY_magi_mon_fork", 
                        "fg": 51
                    }
                ], 
            "//": "range 0 to 0", 
            "sprite_width": 32, 
            "sprite_height": 32,
            "sprite_offset_x": 0, 
            "sprite_offset_y": 0
            },

            {
                "file": "./tile/mon_cutlery_3.png", 
                "tiles": [
                    {
                        "id": "PSY_magi_mon_pizza_cutter", 
                        "fg": 52
                    }
                ], 
            "//": "range 0 to 0", 
            "sprite_width": 32, 
            "sprite_height": 32,
            "sprite_offset_x": 0, 
            "sprite_offset_y": 0
            },

            {
                "file": "./tile/mon_cutlery_4.png", 
                "tiles": [
                    {
                        "id": "PSY_magi_mon_spork", 
                        "fg": 53
                    }
                ], 
            "//": "range 0 to 0", 
            "sprite_width": 32, 
            "sprite_height": 32,
            "sprite_offset_x": 0, 
            "sprite_offset_y": 0
            },

            {
                "file": "./tile/mon_cutlery_5.png", 
                "tiles": [
                    {
                        "id": "PSY_magi_mon_knife_butter", 
                        "fg": 54
                    }
                ], 
            "//": "range 0 to 0", 
            "sprite_width": 32, 
            "sprite_height": 32,
            "sprite_offset_x": 0, 
            "sprite_offset_y": 0
            },

            {
                "file": "./tile/PSY_monster_028.png", 
                "tiles": [
                    {
                        "id": "PSY_magi_rnd_mon_babble", 
                        "fg": 55
                    }
                ], 
            "//": "range 0 to 0", 
            "sprite_width": 32, 
            "sprite_height": 32,
            "sprite_offset_x": 0, 
            "sprite_offset_y": 0
            },

            {
                "file": "./tile/PSY_monster_029.png", 
                "tiles": [
                    {
                        "id": "PSY_magi_rnd_mon_green_babble", 
                        "fg": 56
                    }
                ], 
            "//": "range 0 to 0", 
            "sprite_width": 32, 
            "sprite_height": 32,
            "sprite_offset_x": 0, 
            "sprite_offset_y": 0
            },

            {
                "file": "./tile/PSY_monster_030.png", 
                "tiles": [
                    {
                        "id": "PSY_magi_rnd_mon_purple_babble", 
                        "fg": 57
                    }
                ], 
            "//": "range 0 to 0", 
            "sprite_width": 32, 
            "sprite_height": 32,
            "sprite_offset_x": 0, 
            "sprite_offset_y": 0
            },

            {
                "file": "./tile/PSY_foods_006.png", 
                "tiles": [
                    {
                        "id": "PSY_magi_rice_ball", 
                        "fg": 58
                    }
                ], 
            "//": "range 0 to 0", 
            "sprite_width": 32, 
            "sprite_height": 32,
            "sprite_offset_x": 0, 
            "sprite_offset_y": 0
            },

            {
                "file": "./tile/PSY_foods_007.png", 
                "tiles": [
                    {
                        "id": "PSY_magi_grilled_rice_ball", 
                        "fg": 59
                    }
                ], 
            "//": "range 0 to 0", 
            "sprite_width": 32, 
            "sprite_height": 32,
            "sprite_offset_x": 0, 
            "sprite_offset_y": 0
            },

            {
                "file": "./tile/PSY_monster_027.png", 
                "tiles": [
                    {
                        "id": "PSY_magi_rnd_mon_insect_summoner", 
                        "fg": 60
                    }
                ], 
            "//": "range 0 to 0", 
            "sprite_width": 32, 
            "sprite_height": 32,
            "sprite_offset_x": 0, 
            "sprite_offset_y": 0
            },

            {
                "file": "./tile/PSY_monster_031.png", 
                "tiles": [
                    {
                        "id": "PSY_magi_rnd_mon_flying_mask", 
                        "fg": 61
                    }
                ], 
            "//": "range 0 to 0", 
            "sprite_width": 32, 
            "sprite_height": 32,
            "sprite_offset_x": 0, 
            "sprite_offset_y": 0
            },

            {
                "file": "./tile/PSY_monster_032.png", 
                "tiles": [
                    {
                        "id": "PSY_magi_rnd_mon_flying_mask2", 
                        "fg": 62
                    }
                ], 
            "//": "range 0 to 0", 
            "sprite_width": 32, 
            "sprite_height": 32,
            "sprite_offset_x": 0, 
            "sprite_offset_y": 0
            },

            {
                "file": "./tile/PSY_furniture_002.png", 
                "tiles": [
                    {
                        "id": "PSY_magi_f_huge_blue_crystal", 
                        "fg": 63
                    }
                ], 
            "//": "range 0 to 0", 
            "sprite_width": 64, 
            "sprite_height": 80,
            "sprite_offset_x": -16, 
            "sprite_offset_y": -48
            },

            {
                "file": "./tile/PSY_furniture_003.png", 
                "tiles": [
                    {
                        "id": "PSY_magi_f_huge_red_crystal", 
                        "fg": 64
                    }
                ], 
            "//": "range 0 to 0", 
            "sprite_width": 64, 
            "sprite_height": 80,
            "sprite_offset_x": -16, 
            "sprite_offset_y": -48
            },

            {
                "file": "./tile/PSY_monster_036.png", 
                "tiles": [
                    {
                        "id": "PSY_magi_rnd_mon_thunder_bird_chick", 
                        "fg": 65
                    }
                ], 
            "//": "range 0 to 0", 
            "sprite_width": 32, 
            "sprite_height": 32,
            "sprite_offset_x": 0, 
            "sprite_offset_y": 0
            },

            {
                "file": "./tile/PSY_monster_037.png", 
                "tiles": [
                    {
                        "id": "PSY_magi_rnd_mon_thunder_bird", 
                        "fg": 66
                    }
                ], 
            "//": "range 0 to 0", 
            "sprite_width": 48, 
            "sprite_height": 32,
            "sprite_offset_x": -12, 
            "sprite_offset_y": 0
            },

            {
                "file": "./tile/PSY_monster_038.png", 
                "tiles": [
                    {
                        "id": "PSY_magi_rnd_mon_masked_human", 
                        "fg": 67
                    }
                ], 
            "//": "range 0 to 0", 
            "sprite_width": 32, 
            "sprite_height": 32,
            "sprite_offset_x": 0, 
            "sprite_offset_y": 0
            },

            {
                "file": "./tile/PSY_monster_034.png", 
                "tiles": [
                    {
                        "id": "PSY_magi_rnd_mon_blaze_bird_chick", 
                        "fg": 68
                    }
                ], 
            "//": "range 0 to 0", 
            "sprite_width": 32, 
            "sprite_height": 32,
            "sprite_offset_x": 0, 
            "sprite_offset_y": 0
            },

            {
                "file": "./tile/PSY_monster_035.png", 
                "tiles": [
                    {
                        "id": "PSY_magi_rnd_mon_blaze_bird", 
                        "fg": 69
                    }
                ], 
            "//": "range 0 to 0", 
            "sprite_width": 48, 
            "sprite_height": 32,
            "sprite_offset_x": -12, 
            "sprite_offset_y": 0
            },

            {
                "file": "./tile/PSY_monster_039.png", 
                "tiles": [
                    {
                        "id": "PSY_magi_rnd_mon_totem_summoner", 
                        "fg": 70
                    }
                ], 
            "//": "range 0 to 0", 
            "sprite_width": 32, 
            "sprite_height": 32,
            "sprite_offset_x": 0, 
            "sprite_offset_y": 0
            },

            {
                "file": "./tile/PSY_items_009.png", 
                "tiles": [
                    {
                        "id": "PSY_magi_magical_coin_bronze", 
                        "fg": 71
                    }
                ], 
            "//": "range 0 to 0", 
            "sprite_width": 32, 
            "sprite_height": 32,
            "sprite_offset_x": 0, 
            "sprite_offset_y": 0
            },

            {
                "file": "./tile/PSY_furniture_004.png", 
                "tiles": [
                    {
                        "id": "PSY_magi_f_huge_bloody_crystal", 
                        "fg": 72
                    }
                ], 
            "//": "range 0 to 0", 
            "sprite_width": 64, 
            "sprite_height": 80,
            "sprite_offset_x": -16, 
            "sprite_offset_y": -48
            },

            {
                "file": "./tile/PSY_furniture_005.png", 
                "tiles": [
                    {
                        "id": "PSY_magi_f_huge_green_crystal", 
                        "fg": 73
                    }
                ], 
            "//": "range 0 to 0", 
            "sprite_width": 64, 
            "sprite_height": 80,
            "sprite_offset_x": -16, 
            "sprite_offset_y": -48
            },

            {
                "file": "./tile/PSY_monster_040.png", 
                "tiles": [
                    {
                        "id": "PSY_magi_rnd_mon_healing_fairy2", 
                        "fg": 74
                    }
                ], 
            "//": "range 0 to 0", 
            "sprite_width": 32, 
            "sprite_height": 32,
            "sprite_offset_x": 0, 
            "sprite_offset_y": 0
            },

            {
                "file": "./tile/PSY_monster_041.png", 
                "tiles": [
                    {
                        "id": "PSY_magi_rnd_mon_healing_fairy", 
                        "fg": 75
                    }
                ], 
            "//": "range 0 to 0", 
            "sprite_width": 32, 
            "sprite_height": 32,
            "sprite_offset_x": 0, 
            "sprite_offset_y": 0
            },

            {
                "file": "./tile/PSY_monster_043.png", 
                "tiles": [
                    {
                        "id": "PSY_magi_rnd_mon_heal_enchanter", 
                        "fg": 76
                    }
                ], 
            "//": "range 0 to 0", 
            "sprite_width": 32, 
            "sprite_height": 32,
            "sprite_offset_x": 0, 
            "sprite_offset_y": 0
            },

            {
                "file": "./tile/PSY_monster_044.png", 
                "tiles": [
                    {
                        "id": "PSY_magi_rnd_mon_vegitable_botanist", 
                        "fg": 77
                    }
                ], 
            "//": "range 0 to 0", 
            "sprite_width": 32, 
            "sprite_height": 32,
            "sprite_offset_x": 0, 
            "sprite_offset_y": 0
            }




        ]
    }
]