[
  {
    "type": "npc_class",
    "id": "PSY_magi_NC_CLONE",
    "name": { "str": "Clone" },
    "job_description": "I'm you, you are me.",
    "traits": [ 
        { "group": "BG_survival_story_RURAL" }, 
        { "group": "NPC_starting_traits" }, 
        { "group": "Appearance_demographics" },
        [ "PAINRESIST", 100 ] 
    ],
    "bonus_str": { "rng": [ -1, 2 ] },
    "bonus_dex": { "rng": [ -1, 2 ] },
    "bonus_int": { "rng": [ -1, 2 ] },
    "bonus_per": { "rng": [ -1, 2 ] },
    "worn_override": "PSY_magi_clone_worn",
    "carry_override": "PSY_magi_clone_carry",
    "weapon_override": "PSY_magi_clone_wield",
    "skills": [
      { "skill": "ALL", "level": { "mul": [ { "one_in": 3 }, { "sum": [ { "dice": [ 2, 2 ] }, { "rng": [ 0, -4 ] } ] } ] } },
      { "skill": "gun", "bonus": { "rng": [ 1, 3 ] } },
      { "skill": "melee", "bonus": { "rng": [ 1, 3 ] } },
      { "skill": "pistol", "bonus": { "rng": [ 1, 3 ] } },
      { "skill": "rifle", "bonus": { "rng": [ 1, 3 ] } },
      { "skill": "unarmed", "level": { "dice": [ 1, 3 ] } }
    ]
  },

  {
    "type": "item_group",
    "id": "PSY_magi_clone_worn",
    "subtype": "collection",
    "entries": [
      { "item": "tshirt" },
      { "item": "pants" }
    ]
  },

  {
    "type": "item_group",
    "id": "PSY_magi_clone_carry",
    "subtype": "collection",
    "items": [ { "item": "null" } ]
  },
  {
    "type": "item_group",
    "id": "PSY_magi_clone_wield",
    "subtype": "collection",
    "entries": [ { "item": "null" } ]
  }

]