[
  {
    "type": "talk_topic",
    "id": "TALK_NC_PSY_CLONE",
    "dynamic_line": "Hello one of me!",
    "responses": [
      { "text": "Who are you?", "topic": "TALK_NC_PSY_CLONE_INTRO" },
      {
        "text": "My thoughts exactly.  We have a lot in common, we should travel together!",
        "topic": "TALK_NC_PSY_CLONE_HIRE"
      },
      { "text": "A daring trader?  Yes.  Let's trade items.", "topic": "TALK_NONE", "effect": "start_trade" },
      { "text": "I don't have time for this.", "topic": "TALK_DONE" }
    ]
  },

  {
    "type": "talk_topic",
    "id": "TALK_NC_PSY_CLONE_INTRO",
    "dynamic_line": "Hey, I'm you! I was made from you.",
    "responses": [
      { "text": "Wanna get outta here?", "topic": "TALK_NC_PSY_CLONE_HIRE" },
      { "text": "Have anything to trade?", "topic": "TALK_NONE", "effect": "start_trade" },
      { "text": "Oh yeah?.", "topic": "TALK_DONE" }
    ]
  },

  {
    "id": "TALK_NC_PSY_CLONE_HIRE",
    "type": "talk_topic",
    "dynamic_line": "Of course!",
    "responses": [
      {
        "text": "Let's together",
        "success": { "effect": "follow", "topic": "TALK_DONE" }
      }
    ]
  }
]
