[

      {
        "type": "SPELL",
        "id": "PSY_magi_push_force",
        "name": "Push Force",
        "description": "You channel the magical force to push an enemy backward.",
        "effect": "directed_push",
        "shape": "blast",
        "valid_targets": [ "hostile" , "ally"],
        "flags": [ "LOUD", "VERBAL", "SOMATIC" ],
        "spell_class": "NONE",
        "energy_source": "MANA",
        "min_damage": 6,
        "max_damage": 11,
        "damage_increment": 0.5,
        "min_range": 3,
        "max_range": 5,
        "range_increment": 0.2,
        "base_energy_cost": 80,
        "difficulty": 6,
        "max_level": 20,
        "base_casting_time": 150,
        "final_casting_time": 100,
        "casting_time_increment": -2.5
      },

      {
        "type": "SPELL",
        "id": "PSY_magi_push_force_cone",
        "name": "Push Force Cone",
        "description": "You channel the magical force to push an enemy backward.",
        "effect": "directed_push",
        "shape": "cone",
        "valid_targets": [ "hostile", "ally", "ground", "item" ],
        "flags": [ "LOUD", "VERBAL", "SOMATIC" ],
        "spell_class": "NONE",
        "energy_source": "MANA",
        "min_damage": 3,
        "max_damage": 5,
        "damage_increment": 0.25,
        "min_range": 5,
        "max_range": 10,
        "range_increment": 0.25,
        "min_aoe": 40,
        "max_aoe": 60,
        "aoe_increment": 1.0,
        "base_energy_cost": 150,
        "difficulty": 7,
        "max_level": 20,
        "base_casting_time": 250,
        "final_casting_time": 150,
        "casting_time_increment": -5.0
      },




      {
        "type": "SPELL",
        "id": "PSY_magi_mindcontrol_perma",
        "name": "Perma Mindcontrol",
        "description": "Permanent Control an enemy under the 15000 HP and change to our side.",
        "valid_targets": [ "hostile" ],
        "effect": "charm_monster",
        "message": "",
        "min_damage": 15000,
        "max_damage": 15000,
        "max_level": 30,
        "difficulty": 7,
        "base_casting_time": 800,
        "casting_time_increment": -20.0,
        "final_casting_time": 300,
        "shape": "blast",
        "energy_source": "MANA",
        "base_energy_cost": 700,
        "energy_increment": -10,
        "final_energy_cost": 400,
        "min_range": 6,
        "max_range": 21,
        "range_increment": 0.50,
        "min_duration": 300,
        "max_duration": 500,
        "duration_increment": 10,
        "flags": ["PERMANENT", "SOMATIC", "VERBAL", "SILENT", "NO_LEGS", "NO_HANDS","NO_PROJECTILE" ]
      },

      {
        "id": "PSY_magi_electro_stun",
        "type": "SPELL",
        "name": { "str": "Head Knocking" },
        "description": "This spell stuns enemy in short distance for a short time.",
        "effect": "mod_moves",
        "shape": "blast",
        "message": "",
        "flags": [ "SILENT","NO_LEGS" ],
        "valid_targets": [ "ally", "hostile", "ground" ],
        "spell_class": "NONE",
        "energy_source": "MANA",
        "base_casting_time": 100,
        "casting_time_increment": -2.5,
        "final_casting_time": 50,
        "base_energy_cost": 120,
        "energy_increment": -2.0,
        "final_energy_cost": 80,
        "min_damage": -600,
        "max_damage": -1200,
        "damage_increment": -50,
        "min_range": 1,
        "max_range": 5,
        "range_increment": 0.2,
        "max_level": 20
      },

      {
        "id": "PSY_magi_sweep",
        "type": "SPELL",
        "name": "Sweep",
        "description": "Sweeping with magical legs around and knock down units to the ground for a short time.",
        "valid_targets": [ "hostile","ally", "ground" ],
        "flags": [ "LOUD","NO_PROJECTILE", "NO_HANDS" ],
        "effect": "attack",
        "effect_str": "downed",
        "shape": "line",
        "spell_class": "NONE",
        "energy_source": "MANA",
        "difficulty": 3,
        "base_casting_time": 60,
        "casting_time_increment": -1.5,
        "final_casting_time": 30,
        "base_energy_cost": 40,
        "energy_increment": -1.0,
        "final_energy_cost": 30,
        "max_level": 20,
        "min_aoe": 2,
        "max_aoe": 2,
        "min_range": 1,
        "max_range": 1,
        "min_duration": 600,
        "max_duration": 1200,
        "duration_increment": 30
      },

      {
        "id": "PSY_magi_str_down_spell",
        "type": "SPELL",
        "name": "STR DOWN",
        "description": "Force Fear.",
        "valid_targets": [ "hostile" ],
        "flags": [ "NO_PROJECTILE","NO_LEGS" ],
        "effect": "attack",
        "effect_str": "PSY_magi_STR_DOWN",
        "shape": "blast",
        "spell_class": "NONE",
        "difficulty": 0,
        "base_energy_cost": 110,
        "energy_increment": -2.0,
        "final_energy_cost": 70,
        "base_casting_time": 80,
        "max_level": 20,
        "min_range": 10,
        "max_range": 15,
        "range_increment": 0.25,
        "min_duration": 12000,
        "max_duration": 30000
      },

      {
        "id": "PSY_magi_dex_down_spell",
        "type": "SPELL",
        "name": "DEX DOWN",
        "description": "Force Fear.",
        "valid_targets": [ "hostile" ],
        "flags": [ "NO_PROJECTILE","NO_LEGS" ],
        "effect": "attack",
        "effect_str": "PSY_magi_DEX_DOWN",
        "shape": "blast",
        "spell_class": "NONE",
        "difficulty": 0,
        "base_energy_cost": 110,
        "energy_increment": -2.0,
        "final_energy_cost": 70,
        "base_casting_time": 80,
        "max_level": 20,
        "min_range": 10,
        "max_range": 15,
        "range_increment": 0.25,
        "min_duration": 12000,
        "max_duration": 30000
      },

      {
        "id": "PSY_magi_per_down_spell",
        "type": "SPELL",
        "name": "PER DOWN",
        "description": "Force Fear.",
        "valid_targets": [ "hostile" ],
        "flags": [ "NO_PROJECTILE","NO_LEGS" ],
        "effect": "attack",
        "effect_str": "PSY_magi_PER_DOWN",
        "shape": "blast",
        "spell_class": "NONE",
        "difficulty": 0,
        "base_energy_cost": 110,
        "energy_increment": -2.0,
        "final_energy_cost": 70,
        "base_casting_time": 80,
        "max_level": 20,
        "min_range": 10,
        "max_range": 15,
        "range_increment": 0.25,
        "min_duration": 12000,
        "max_duration": 30000
      }




]