[

      {
        "id": "PSY_magi_create_clone",
        "type": "SPELL",
        "name": "Create Your Clone",
        "description": "Create your own clone with your blood,clone has random traits and support your life.",
        "valid_targets": [ "self" ],
        "effect": "spawn_item",
        "effect_str": "PSY_magi_wand_summon_clone",
        "shape": "blast",
        "message": "You've created your own clone!",
        "spell_class": "NONE",
        "energy_source": "HP",
        "difficulty": 1,
        "max_level": 10,
        "min_damage": 1,
        "max_damage": 1,
        "base_energy_cost": 50,
        "energy_increment": -1.0,
        "final_energy_cost": 40,
        "min_duration": 1,
        "max_duration": 1,
        "base_casting_time": 1080000,
        "casting_time_increment": -36000.0,
        "final_casting_time": 720000,
        "flags": ["PERMANENT","SILENT", "NO_LEGS" ]
      },

      {
        "id": "PSY_magi_conj_throwing_blade",
        "type": "SPELL",
        "name": "Conjure Throwing Blade",
        "description": "conjures 3 throwing knives",
        "valid_targets": [ "self" ],
        "effect": "spawn_item",
        "effect_str": "throwing_knife",
        "shape": "blast",
        "message": "Three throwing knives appear, ready to throw!",
        "spell_class": "NONE",
        "energy_source": "MANA",
        "difficulty": 2,
        "max_level": 10,
        "min_damage": 3,
        "max_damage": 3,
        "base_energy_cost": 130,
        "energy_increment": -3.0,
        "final_energy_cost": 70,
        "min_duration": 2500,
        "max_duration": 2500,
        "base_casting_time": 100,
        "casting_time_increment": -5.0,
        "final_casting_time": 50,
        "flags": ["SILENT", "NO_LEGS" ]
      },

      {
        "id": "PSY_magi_conj_throwing_bat",
        "type": "SPELL",
        "name": "Conjure Throwing Bat",
        "description": "conjures a throwing bat",
        "valid_targets": [ "self" ],
        "effect": "spawn_item",
        "effect_str": "PSY_magi_conjure_bat",
        "shape": "blast",
        "message": "throwing bat appear, ready to throw!",
        "spell_class": "NONE",
        "energy_source": "MANA",
        "difficulty": 4,
        "max_level": 10,
        "min_damage": 1,
        "max_damage": 1,
        "base_energy_cost": 150,
        "energy_increment": -3.0,
        "final_energy_cost": 90,
        "min_duration": 18000,
        "max_duration": 36000,
        "duration_increment": 1000,
        "base_casting_time": 200,
        "casting_time_increment": -5.0,
        "final_casting_time": 150,
        "flags": ["SILENT", "NO_LEGS" ]
      },

      {
        "id": "PSY_magi_conj_res_aura_acid",
        "type": "SPELL",
        "name": "Protect aura of acid",
        "description": "conjures an invisible layer of protection against acid",
        "valid_targets": [ "self" ],
        "effect": "spawn_item",
        "effect_str": "PSY_magi_acid_res_aura",
        "shape": "blast",
        "spell_class": "NONE",
        "energy_source": "MANA",
        "difficulty": 6,
        "max_level": 10,
        "min_damage": 1,
        "max_damage": 1,
        "base_energy_cost": 650,
        "energy_increment": -5.0,
        "final_energy_cost": 600,
        "min_duration": 30000,
        "max_duration": 60000,
        "duration_increment": 3000,
        "base_casting_time": 1000,
        "casting_time_increment": -20.0,
        "final_casting_time": 800
      },

      {
        "id": "PSY_magi_conj_res_aura_bash",
        "type": "SPELL",
        "name": "Protect aura of bash",
        "description": "conjures an invisible layer of protection against bash",
        "valid_targets": [ "self" ],
        "effect": "spawn_item",
        "effect_str": "PSY_magi_bash_res_aura",
        "shape": "blast",
        "spell_class": "NONE",
        "energy_source": "MANA",
        "difficulty": 6,
        "max_level": 10,
        "min_damage": 1,
        "max_damage": 1,
        "base_energy_cost": 650,
        "energy_increment": -5.0,
        "final_energy_cost": 600,
        "min_duration": 30000,
        "max_duration": 60000,
        "duration_increment": 3000,
        "base_casting_time": 1000,
        "casting_time_increment": -20.0,
        "final_casting_time": 800
      },

      {
        "id": "PSY_magi_conj_res_aura_cut",
        "type": "SPELL",
        "name": "Protect aura of cut",
        "description": "conjures an invisible layer of protection against cut",
        "valid_targets": [ "self" ],
        "effect": "spawn_item",
        "effect_str": "PSY_magi_cut_res_aura",
        "shape": "blast",
        "spell_class": "NONE",
        "energy_source": "MANA",
        "difficulty": 6,
        "max_level": 10,
        "min_damage": 1,
        "max_damage": 1,
        "base_energy_cost": 650,
        "energy_increment": -5.0,
        "final_energy_cost": 600,
        "min_duration": 30000,
        "max_duration": 60000,
        "duration_increment": 3000,
        "base_casting_time": 1000,
        "casting_time_increment": -20.0,
        "final_casting_time": 800
      },

      {
        "id": "PSY_magi_conj_res_aura_stab",
        "type": "SPELL",
        "name": "Protect aura of stab",
        "description": "conjures an invisible layer of protection against stab",
        "valid_targets": [ "self" ],
        "effect": "spawn_item",
        "effect_str": "PSY_magi_stab_res_aura",
        "shape": "blast",
        "spell_class": "NONE",
        "energy_source": "MANA",
        "difficulty": 6,
        "max_level": 10,
        "min_damage": 1,
        "max_damage": 1,
        "base_energy_cost": 650,
        "energy_increment": -5.0,
        "final_energy_cost": 600,
        "min_duration": 30000,
        "max_duration": 60000,
        "duration_increment": 3000,
        "base_casting_time": 1000,
        "casting_time_increment": -20.0,
        "final_casting_time": 800
      },

      {
        "id": "PSY_magi_conj_res_aura_heat",
        "type": "SPELL",
        "name": "Protect aura of heat",
        "description": "conjures an invisible layer of protection against heat",
        "valid_targets": [ "self" ],
        "effect": "spawn_item",
        "effect_str": "PSY_magi_heat_res_aura",
        "shape": "blast",
        "spell_class": "NONE",
        "energy_source": "MANA",
        "difficulty": 6,
        "max_level": 10,
        "min_damage": 1,
        "max_damage": 1,
        "base_energy_cost": 650,
        "energy_increment": -5.0,
        "final_energy_cost": 600,
        "min_duration": 30000,
        "max_duration": 60000,
        "duration_increment": 3000,
        "base_casting_time": 1000,
        "casting_time_increment": -20.0,
        "final_casting_time": 800
      },

      {
        "id": "PSY_magi_conj_res_aura_cold",
        "type": "SPELL",
        "name": "Protect aura of cold",
        "description": "conjures an invisible layer of protection against cold",
        "valid_targets": [ "self" ],
        "effect": "spawn_item",
        "effect_str": "PSY_magi_cold_res_aura",
        "shape": "blast",
        "spell_class": "NONE",
        "energy_source": "MANA",
        "difficulty": 6,
        "max_level": 10,
        "min_damage": 1,
        "max_damage": 1,
        "base_energy_cost": 650,
        "energy_increment": -5.0,
        "final_energy_cost": 600,
        "min_duration": 30000,
        "max_duration": 60000,
        "duration_increment": 3000,
        "base_casting_time": 1000,
        "casting_time_increment": -20.0,
        "final_casting_time": 800
      },

      {
        "id": "PSY_magi_conj_res_aura_electro",
        "type": "SPELL",
        "name": "Protect aura of electro",
        "description": "conjures an invisible layer of protection against electro",
        "valid_targets": [ "self" ],
        "effect": "spawn_item",
        "effect_str": "PSY_magi_elec_res_aura",
        "shape": "blast",
        "spell_class": "NONE",
        "energy_source": "MANA",
        "difficulty": 6,
        "max_level": 10,
        "min_damage": 1,
        "max_damage": 1,
        "base_energy_cost": 650,
        "energy_increment": -5.0,
        "final_energy_cost": 600,
        "min_duration": 30000,
        "max_duration": 60000,
        "duration_increment": 3000,
        "base_casting_time": 1000,
        "casting_time_increment": -20.0,
        "final_casting_time": 800
      },

      {
        "id": "PSY_magi_conj_res_aura_bio",
        "type": "SPELL",
        "name": "Protect aura of bio",
        "description": "conjures an invisible layer of protection against bio",
        "valid_targets": [ "self" ],
        "effect": "spawn_item",
        "effect_str": "PSY_magi_bio_res_aura",
        "shape": "blast",
        "spell_class": "NONE",
        "energy_source": "MANA",
        "difficulty": 6,
        "max_level": 10,
        "min_damage": 1,
        "max_damage": 1,
        "base_energy_cost": 650,
        "energy_increment": -5.0,
        "final_energy_cost": 600,
        "min_duration": 30000,
        "max_duration": 60000,
        "duration_increment": 3000,
        "base_casting_time": 1000,
        "casting_time_increment": -20.0,
        "final_casting_time": 800
      }

]