[

    {
        "id": "PSY_magi_random_polymorph",
        "type": "SPELL",
        "name": "Random Polymorph",
        "description": "Transform target enemy into random monster.",
        "valid_targets": [ "hostile" ],
        "flags": [ "VERBAL", "SOMATIC", "NO_LEGS", "NO_PROJECTILE","POLYMORPH_GROUP" ],
        "effect": "targeted_polymorph",
        "effect_str": "GROUP_PSY_magi_TRANSFORM",
        "shape": "blast",
        "spell_class": "NONE",
        "energy_source": "MANA",
        "base_casting_time": 250,
        "casting_time_increment": -5.0,
        "final_casting_time": 150,
        "base_energy_cost": 250,
        "energy_increment": -5,
        "final_energy_cost": 150,
        "difficulty": 6,
        "max_level": 20,
        "min_damage": 100,
        "max_damage": 300,
        "damage_increment": 10,
        "damage_type": "pure",
        "min_range": 5,
        "max_range": 30,
        "range_increment": 1.5
    },

    {
      "id": "PSY_magi_moon_light_magic",
      "type": "SPELL",
      "name": "Moon light",
      "description": "This spell generates a magnetic field around 3 of coins, before launching it at high speed,   This coins penetrate enemies.",
      "valid_targets": [ "hostile", "ally" ,"ground"],
      "flags": [ "NO_PROJECTILE","LOUD" ],
      "effect": "attack",
      "shape": "line",
      "spell_class": "NONE",
      "energy_source": "MANA",
      "difficulty": 12,
      "max_level": 1,
      "base_casting_time": 270,
      "base_energy_cost": 200,
      "final_energy_cost": 200,
      "min_damage": 35,
      "max_damage": 35,
      "damage_type": "cold",
      "field_id": "fd_dazzling",
      "min_field_intensity": 1,
      "max_field_intensity": 1,
      "min_range": 15,
      "max_range": 15,
      "range_increment": 1.0
    },

    {
      "id": "PSY_magi_onigiri_recover_HP",
      "type": "SPELL",
      "name": "Onigiri heal",
      "description": "You recover hp.",
      "valid_targets": [ "self" ],
      "min_damage": -10,
      "damage_increment": 2.0,
      "max_damage": 30,
      "max_level": 10,
      "effect": "attack",
      "shape": "blast",
      "spell_class": "NONE",
      "message": "You are full of energy after eating a grilled rice ball.",
      "energy_source": "MANA",
      "base_energy_cost": 0,
      "energy_increment": 0,
      "final_energy_cost": 0,
      "flags": [ "SILENT", "NO_LEGS" ],
      "difficulty": 3
    },


    {
      "type": "SPELL",
      "id": "PSY_magi_item_spell_summon_insects",
      "name": "Summon insects",
      "description": "Summons wisps.",
      "flags": ["SILENT", "NO_PROJECTILE","RANDOM_DURATION","RANDOM_TARGET","SPAWN_GROUP" ],
      "valid_targets": [ "ground" ],
      "base_casting_time": 100,
      "min_damage": 1,
      "max_damage": 1,
      "min_range": 2,
      "max_range": 2,
      "min_duration": 1500,
      "max_duration": 3000,
      "message": "You summons insects!",
      "shape": "blast",
      "effect": "summon",
      "effect_str": "GROUP_PSY_magi_RND_INSECTS"
    }

]