[

    {
        "type": "SPELL",
        "id": "PSY_magi_spell_ran_away_base",
        "name": "summons creature",
        "description": "Causes one of the summon spells to be cast.",
        "valid_targets": [ "ground","hostile"],
        "effect": "attack",
        "damage_type": "cold",
        "field_id": "fd_PSY_magi_cold_mist",
        "min_field_intensity": 1,
        "max_field_intensity": 1,
        "shape": "blast",
        "base_casting_time": 100,
        "flags": ["SILENT", "NO_LEGS", "NO_HANDS" ],
        "min_damage": 10,
        "max_damage": 10,
        "min_aoe": 2,
        "max_aoe": 2,
        "min_range": 5,
        "max_range": 5,
        "message": "",
        "extra_effects": [
          { "id": "PSY_magi_monster_escape" , "hit_self": true }
        ]
      },

      {
        "id": "PSY_magi_monster_escape",
        "type": "SPELL",
        "name": "Run",
        "description": "Run away.",
        "valid_targets": [ "self" ],
        "flags": [ "NO_PROJECTILE","NO_LEGS" ],
        "effect": "attack",
        "effect_str": "run",
        "shape": "blast",
        "spell_class": "NONE",
        "difficulty": 0,
        "base_casting_time": 100,
        "max_level": 0,
        "min_duration": 100,
        "max_duration": 100,
        "extra_effects": [
            { "id": "PSY_magi_monster_escape_sub" }
          ]
      },

      {
        "id": "PSY_magi_monster_escape_sub",
        "type": "SPELL",
        "name": "Speed",
        "description": "force fear.",
        "valid_targets": [ "self" ],
        "flags": [ "NO_PROJECTILE","NO_LEGS" ],
        "effect": "attack",
        "effect_str": "PSY_magi_haste_200",
        "shape": "blast",
        "spell_class": "NONE",
        "difficulty": 0,
        "base_casting_time": 100,
        "max_level": 0,
        "min_duration": 100,
        "max_duration": 100
      },

      {
        "type": "SPELL",
        "id": "PSY_magi_spell_pull_all_base",
        "name": "Pull all",
        "description": "Causes one of the summon spells to be cast.",
        "valid_targets": [ "ground","hostile","self", "ally"],
        "effect": "none",
        "shape": "blast",
        "base_casting_time": 100,
        "flags": ["WONDER","SILENT", "NO_LEGS", "NO_HANDS","RANDOM_TARGET","IGNORE_WALLS" ],
        "min_damage": 1,
        "max_damage": 1,
        "min_range": 50,
        "max_range": 50,
        "message": "",
        "extra_effects": [
          { "id": "PSY_magi_spell_pull_all_main" , "hit_self": true }
        ]
      },

      {
        "id": "PSY_magi_spell_pull_all_main",
        "type": "SPELL",
        "name": "Pull all",
        "description": "Pull all.",
        "valid_targets": [ "self", "ally", "hostile", "ground", "item", "field" ],
        "flags": [ "NO_PROJECTILE","NO_LEGS","IGNORE_WALLS" ],
        "effect": "area_pull",
        "shape": "blast",
        "spell_class": "NONE",
        "min_range": 1,
        "max_range": 1,
        "min_aoe": 30,
        "max_aoe": 30,
        "base_casting_time": 100,
        "extra_effects": [
          { "id": "PSY_magi_spell_pull_all_main20" , "hit_self": true },
          { "id": "PSY_magi_spell_pull_all_main10" , "hit_self": true }
        ]
      },

      {
        "id": "PSY_magi_spell_pull_all_main10",
        "type": "SPELL",
        "name": "Pull all",
        "description": "Pull all.",
        "valid_targets": [ "self", "ally", "hostile", "ground", "item", "field" ],
        "flags": [ "NO_PROJECTILE","NO_LEGS","IGNORE_WALLS" ],
        "effect": "area_pull",
        "shape": "blast",
        "spell_class": "NONE",
        "min_range": 1,
        "max_range": 1,
        "min_aoe": 10,
        "max_aoe": 10,
        "base_casting_time": 100,
        "extra_effects": [
          { "id": "PSY_magi_spell_pull_all_stun" , "hit_self": true }
        ]
      },

      {
        "id": "PSY_magi_spell_pull_all_main20",
        "type": "SPELL",
        "name": "Pull all",
        "description": "Pull all.",
        "valid_targets": [ "self", "ally", "hostile", "ground", "item", "field" ],
        "flags": [ "NO_PROJECTILE","NO_LEGS","IGNORE_WALLS" ],
        "effect": "area_pull",
        "shape": "blast",
        "spell_class": "NONE",
        "min_range": 1,
        "max_range": 1,
        "min_aoe": 20,
        "max_aoe": 20,
        "base_casting_time": 100,
        "extra_effects": [
          { "id": "PSY_magi_spell_pull_all_stun_remove" , "hit_self": true }
        ]
      },

      {
        "id": "PSY_magi_spell_pull_all_stun",
        "type": "SPELL",
        "name": { "str": "Head Knocking" },
        "description": "This spell stuns enemy in short distance for a short time.",
        "effect": "mod_moves",
        "shape": "blast",
        "message": "",
        "flags": [ "SILENT","NO_LEGS" ],
        "valid_targets": [ "ally", "hostile" ],
        "spell_class": "NONE",
        "energy_source": "MANA",
        "base_casting_time": 100,
        "min_damage": -150,
        "max_damage": -150,
        "min_range": 1,
        "max_range": 1,
        "min_aoe": 4,
        "max_aoe": 4
      },

      {
        "id": "PSY_magi_spell_pull_all_stun_remove",
        "type": "SPELL",
        "name": "Stunned remove",
        "description": "force fear.",
        "valid_targets": [ "self" ],
        "flags": [ "NO_PROJECTILE","NO_LEGS" ],
        "effect": "attack",
        "effect_str": "PSY_magi_remove_stunned",
        "shape": "blast",
        "spell_class": "NONE",
        "difficulty": 0,
        "base_casting_time": 100,
        "max_level": 0,
        "min_duration": 3000,
        "max_duration": 3000
      },

      {
        "id": "PSY_magi_spell_kaze_fireball",
        "type": "SPELL",
        "name": "Boooom",
        "description": "You hurl a pea-sized glowing orb that when reaches its target or an obstacle produces a pressure-less blast of searing heat.",
        "effect": "attack",
        "shape": "blast",
        "valid_targets": [ "self", "ally", "hostile", "ground" ],
        "flags": [ "SOMATIC", "VERBAL", "NO_LEGS", "IGNITE_FLAMMABLE" ],
        "min_damage": 150,
        "max_damage": 150,
        "min_aoe": 3,
        "max_aoe": 3,
        "min_range": 1,
        "max_range": 1,
        "spell_class": "NONE",
        "base_casting_time": 20,
        "damage_type": "heat",
        "extra_effects": [
          { "id": "PSY_magi_spell_self_death_base" , "hit_self": true }
        ]
      },

      {
        "id": "PSY_magi_spell_kaze_shockwave",
        "type": "SPELL",
        "name": "Boooom",
        "description": "You hurl a pea-sized glowing orb that when reaches its target or an obstacle produces a pressure-less blast of searing heat.",
        "effect": "attack",
        "shape": "blast",
        "valid_targets": [ "self", "ally", "hostile", "ground" ],
        "flags": [ "SOMATIC", "VERBAL", "NO_LEGS" ],
        "min_damage": 15,
        "max_damage": 15,
        "min_aoe": 1,
        "max_aoe": 1,
        "min_range": 1,
        "max_range": 1,
        "spell_class": "NONE",
        "base_casting_time": 20,
        "damage_type": "bash",
        "extra_effects": [
          { "id": "PSY_magi_spell_self_death_base" , "hit_self": true }
        ]
      },

      {
        "type": "SPELL",
        "id": "PSY_magi_spell_self_death_base",
        "name": "summons creature",
        "description": "Causes one of the summon spells to be cast.",
        "valid_targets": [ "self"],
        "effect": "attack",
        "damage_type": "pure",
        "shape": "blast",
        "base_casting_time": 10,
        "flags": ["SILENT", "NO_LEGS", "NO_HANDS" ],
        "min_damage": 9999,
        "max_damage": 9999,
        "min_range": 1,
        "max_range": 1,
        "message": ""
      },

      {
        "type": "SPELL",
        "id": "PSY_magi_spell_pull_all_weak_base",
        "name": "Pull all",
        "description": "Causes one of the summon spells to be cast.",
        "valid_targets": [ "ground","hostile","self", "ally"],
        "effect": "none",
        "shape": "blast",
        "base_casting_time": 100,
        "flags": ["WONDER","SILENT", "NO_LEGS", "NO_HANDS","RANDOM_TARGET","IGNORE_WALLS" ],
        "min_damage": 1,
        "max_damage": 1,
        "min_range": 50,
        "max_range": 50,
        "message": "",
        "extra_effects": [
          { "id": "PSY_magi_spell_pull_all_weak_main" , "hit_self": true }
        ]
      },

      {
        "id": "PSY_magi_spell_pull_all_weak_main",
        "type": "SPELL",
        "name": "Pull all",
        "description": "Pull all.",
        "valid_targets": [ "self", "ally", "hostile", "ground", "item", "field" ],
        "flags": [ "NO_PROJECTILE","NO_LEGS","IGNORE_WALLS" ],
        "effect": "area_pull",
        "shape": "blast",
        "spell_class": "NONE",
        "min_range": 1,
        "max_range": 1,
        "min_aoe": 10,
        "max_aoe": 10,
        "base_casting_time": 100,
        "extra_effects": [
          { "id": "PSY_magi_spell_pull_all_stun_remove" , "hit_self": true },
          { "id": "PSY_magi_spell_pull_all_weak_main5" , "hit_self": true }
        ]
      },

      {
        "id": "PSY_magi_spell_pull_all_weak_main5",
        "type": "SPELL",
        "name": "Pull all",
        "description": "Pull all.",
        "valid_targets": [ "self", "ally", "hostile", "ground", "item", "field" ],
        "flags": [ "NO_PROJECTILE","NO_LEGS","IGNORE_WALLS" ],
        "effect": "area_pull",
        "shape": "blast",
        "spell_class": "NONE",
        "min_range": 1,
        "max_range": 1,
        "min_aoe": 5,
        "max_aoe": 5,
        "base_casting_time": 100
      },

      {
        "type": "SPELL",
        "id": "PSY_magi_spell_self_damage_10",
        "name": "summons creature",
        "description": "Causes one of the summon spells to be cast.",
        "valid_targets": [ "self"],
        "effect": "attack",
        "damage_type": "pure",
        "shape": "blast",
        "base_casting_time": 10,
        "flags": ["SILENT", "NO_LEGS", "NO_HANDS" ],
        "min_damage": 10,
        "max_damage": 10,
        "min_range": 1,
        "max_range": 1,
        "message": ""
      },

      {
        "type": "SPELL",
        "id": "PSY_magi_spell_self_damage_5",
        "name": "summons creature",
        "description": "Causes one of the summon spells to be cast.",
        "valid_targets": [ "self"],
        "effect": "attack",
        "damage_type": "pure",
        "shape": "blast",
        "base_casting_time": 10,
        "flags": ["SILENT", "NO_LEGS", "NO_HANDS" ],
        "min_damage": 5,
        "max_damage": 5,
        "min_range": 1,
        "max_range": 1,
        "message": ""
      },

      {
        "type": "SPELL",
        "id": "PSY_magi_spell_self_damage_15",
        "name": "summons creature",
        "description": "Causes one of the summon spells to be cast.",
        "valid_targets": [ "self"],
        "effect": "attack",
        "damage_type": "pure",
        "shape": "blast",
        "base_casting_time": 10,
        "flags": ["SILENT", "NO_LEGS", "NO_HANDS" ],
        "min_damage": 15,
        "max_damage": 15,
        "min_range": 1,
        "max_range": 1,
        "message": ""
      },


      {
        "type": "SPELL",
        "id": "PSY_magi_spell_self_damage_20",
        "name": "summons creature",
        "description": "Causes one of the summon spells to be cast.",
        "valid_targets": [ "self"],
        "effect": "attack",
        "damage_type": "pure",
        "shape": "blast",
        "base_casting_time": 10,
        "flags": ["SILENT", "NO_LEGS", "NO_HANDS" ],
        "min_damage": 20,
        "max_damage": 20,
        "min_range": 1,
        "max_range": 1,
        "message": ""
      },

      {
        "type": "SPELL",
        "id": "PSY_magi_spell_self_damage_30",
        "name": "summons creature",
        "description": "Causes one of the summon spells to be cast.",
        "valid_targets": [ "self"],
        "effect": "attack",
        "damage_type": "pure",
        "shape": "blast",
        "base_casting_time": 10,
        "flags": ["SILENT", "NO_LEGS", "NO_HANDS" ],
        "min_damage": 30,
        "max_damage": 30,
        "min_range": 1,
        "max_range": 1,
        "message": ""
      },

      {
        "type": "SPELL",
        "id": "PSY_magi_spell_fear_base",
        "name": "Fear",
        "description": "Causes one of the summon spells to be cast.",
        "valid_targets": [ "hostile"],
        "effect": "attack",
        "effect_str": "run",
        "shape": "blast",
        "base_casting_time": 120,
        "flags": ["SILENT", "NO_LEGS", "NO_HANDS" ],
        "min_range": 6,
        "max_range": 6,
        "min_aoe": 2,
        "max_aoe": 2,
        "min_duration": 500,
        "max_duration": 500,
        "message": "",
        "extra_effects": [
          { "id": "PSY_magi_spell_self_damage_5" , "hit_self": true },
          { "id": "PSY_magi_monster_fear_spell" },
          { "id": "PSY_magi_monster_fear_spell" }
        ]
      },

      {
        "id": "PSY_magi_monster_fear_spell",
        "type": "SPELL",
        "name": "Force Fear",
        "description": "Force Fear.",
        "valid_targets": [ "hostile" ],
        "flags": [ "NO_PROJECTILE","NO_LEGS","RANDOM_TARGET","IGNORE_WALLS" ],
        "effect": "attack",
        "effect_str": "run",
        "shape": "blast",
        "spell_class": "NONE",
        "difficulty": 0,
        "base_casting_time": 80,
        "max_level": 0,
        "min_range": 6,
        "max_range": 6,
        "min_aoe": 1,
        "max_aoe": 1,
        "min_duration": 300,
        "max_duration": 300
      },

      {
        "type": "SPELL",
        "id": "PSY_magi_spell_charm_base",
        "name": "Mind control",
        "description": "Causes one of the summon spells to be cast.",
        "valid_targets": [ "hostile"],
        "effect": "charm_monster",
        "min_damage": 180,
        "max_damage": 180,
        "shape": "blast",
        "base_casting_time": 300,
        "flags": ["SILENT", "NO_LEGS", "NO_HANDS","RANDOM_TARGET","IGNORE_WALLS" ,"RANDOM_DURATION"],
        "min_range": 5,
        "max_range": 5,
        "min_duration": 7000,
        "max_duration": 11000,
        "message": "",
        "extra_effects": [
          { "id": "PSY_magi_spell_self_damage_20" , "hit_self": true }
        ]
      },

      {
        "type": "SPELL",
        "id": "PSY_magi_spell_weak_slow_base",
        "name": "Slow",
        "description": "Causes one of the summon spells to be cast.",
        "valid_targets": [ "hostile"],
        "effect": "attack",
        "effect_str": "PSY_magi_weak_slow",
        "shape": "blast",
        "base_casting_time": 240,
        "flags": ["SILENT", "NO_LEGS", "NO_HANDS" ],
        "min_range": 15,
        "max_range": 15,
        "min_duration": 300,
        "max_duration": 300,
        "min_aoe": 4,
        "max_aoe": 4,
        "message": "",
        "extra_effects": [
          { "id": "PSY_magi_spell_self_damage_10" , "hit_self": true }
        ]
      },

      {
        "type": "SPELL",
        "id": "PSY_magi_spell_weak_blind_base",
        "name": "Blind",
        "description": "Causes one of the summon spells to be cast.",
        "valid_targets": [ "hostile"],
        "effect": "attack",
        "effect_str": "blind",
        "shape": "blast",
        "base_casting_time": 240,
        "flags": ["SILENT", "NO_LEGS", "NO_HANDS" ],
        "min_range": 15,
        "max_range": 15,
        "min_duration": 200,
        "max_duration": 200,
        "min_aoe": 4,
        "max_aoe": 4,
        "message": "",
        "extra_effects": [
          { "id": "PSY_magi_spell_self_damage_10" , "hit_self": true },
          { "id": "PSY_magi_monster_weak_blind_spell" }
        ]
      },

      {
        "id": "PSY_magi_monster_weak_blind_spell",
        "type": "SPELL",
        "name": "Force Daze",
        "description": "Force Daze.",
        "valid_targets": [ "hostile" ],
        "flags": [ "NO_PROJECTILE","NO_LEGS","RANDOM_TARGET","IGNORE_WALLS" ],
        "effect": "attack",
        "effect_str": "blind",
        "shape": "blast",
        "spell_class": "NONE",
        "difficulty": 0,
        "base_casting_time": 80,
        "max_level": 0,
        "min_range": 5,
        "max_range": 5,
        "min_aoe": 3,
        "max_aoe": 3,
        "min_duration": 200,
        "max_duration": 200
      },

      {
        "type": "SPELL",
        "id": "PSY_magi_spell_blind_base",
        "name": "Blind",
        "description": "Causes one of the summon spells to be cast.",
        "valid_targets": [ "hostile"],
        "effect": "attack",
        "effect_str": "blind",
        "shape": "blast",
        "base_casting_time": 240,
        "flags": ["SILENT", "NO_LEGS", "NO_HANDS" ],
        "min_range": 15,
        "max_range": 15,
        "min_duration": 3000,
        "max_duration": 3000,
        "min_aoe": 4,
        "max_aoe": 4,
        "message": "",
        "extra_effects": [
          { "id": "PSY_magi_spell_self_damage_10" , "hit_self": true },
          { "id": "PSY_magi_monster_blind_spell" },
          { "id": "PSY_magi_monster_blind_spell" }
        ]
      },

      {
        "id": "PSY_magi_monster_blind_spell",
        "type": "SPELL",
        "name": "slow magic",
        "description": "Force Daze.",
        "valid_targets": [ "hostile" ],
        "flags": [ "NO_PROJECTILE","NO_LEGS","RANDOM_TARGET","IGNORE_WALLS" ],
        "effect": "attack",
        "effect_str": "blind",
        "shape": "blast",
        "spell_class": "NONE",
        "difficulty": 0,
        "base_casting_time": 80,
        "max_level": 0,
        "min_range": 15,
        "max_range": 15,
        "min_aoe": 3,
        "max_aoe": 3,
        "min_duration": 2360,
        "max_duration": 2360
      },

      {
        "type": "SPELL",
        "id": "PSY_magi_spell_plague_base",
        "name": "Plague",
        "description": "Causes one of the summon spells to be cast.",
        "valid_targets": [ "hostile"],
        "effect": "attack",
        "effect_str": "PSY_magi_plague_slow",
        "field_id": "fd_acid",
        "damage_type": "acid",
        "min_field_intensity": 1,
        "max_field_intensity": 1,
        "shape": "blast",
        "base_casting_time": 240,
        "flags": ["SILENT", "NO_LEGS", "NO_HANDS" ],
        "min_range": 12,
        "max_range": 12,
        "min_duration": 1200,
        "max_duration": 1200,
        "message": "",
        "extra_effects": [
          { "id": "PSY_magi_spell_self_damage_10" , "hit_self": true },
          { "id": "PSY_magi_monster_plague_spell" }
        ]
      },

      {
        "id": "PSY_magi_monster_plague_spell",
        "type": "SPELL",
        "name": "Force Plague",
        "description": "Force Plague.",
        "valid_targets": [ "hostile" ],
        "flags": [ "NO_PROJECTILE","NO_LEGS","RANDOM_TARGET","IGNORE_WALLS" ],
        "effect": "attack",
        "effect_str": "PSY_magi_plague_slow",
        "damage_type": "acid",
        "field_id": "fd_acid",
        "min_field_intensity": 1,
        "max_field_intensity": 1,
        "shape": "blast",
        "spell_class": "NONE",
        "difficulty": 0,
        "base_casting_time": 80,
        "max_level": 0,
        "min_range": 8,
        "max_range": 8,
        "min_duration": 1200,
        "max_duration": 1290
      },

      {
        "id": "PSY_magi_monster_plague_bite_spell",
        "type": "SPELL",
        "name": "Plague bite",
        "description": "Force Plague.",
        "valid_targets": [ "hostile" ],
        "flags": [ "NO_PROJECTILE","NO_LEGS","IGNORE_WALLS" ],
        "effect": "attack",
        "effect_str": "PSY_magi_plague_slow",
        "damage_type": "acid",
        "field_id": "fd_PSY_magi_plague_bite",
        "min_field_intensity": 1,
        "max_field_intensity": 1,
        "shape": "blast",
        "spell_class": "NONE",
        "difficulty": 0,
        "base_casting_time": 80,
        "max_level": 0,
        "min_range": 1,
        "max_range": 1,
        "min_duration": 600,
        "max_duration": 600
      },

      {
        "type": "SPELL",
        "id": "PSY_magi_spell_spit_acid_base",
        "name": "Spit acid",
        "description": "Causes one of the summon spells to be cast.",
        "valid_targets": [ "ground","hostile"],
        "effect": "attack",
        "damage_type": "acid",
        "field_id": "fd_acid",
        "min_field_intensity": 1,
        "max_field_intensity": 1,
        "shape": "line",
        "base_casting_time": 100,
        "flags": ["SILENT", "NO_LEGS", "NO_HANDS" ],
        "min_damage": 10,
        "max_damage": 10,
        "min_range": 3,
        "max_range": 3,
        "message": "",
        "extra_effects": [
          { "id": "PSY_magi_monster_escape50" , "hit_self": true }
        ]
      },

      {
        "id": "PSY_magi_monster_escape50",
        "type": "SPELL",
        "name": "Run",
        "description": "Run away.",
        "valid_targets": [ "self" ],
        "flags": [ "NO_PROJECTILE","NO_LEGS" ],
        "effect": "attack",
        "effect_str": "run",
        "shape": "blast",
        "spell_class": "NONE",
        "difficulty": 0,
        "base_casting_time": 100,
        "max_level": 0,
        "min_duration": 50,
        "max_duration": 50
      },

      {
        "type": "SPELL",
        "id": "PSY_magi_spell_taunt_all_weak_base",
        "name": "Taunt",
        "description": "Causes one of the summon spells to be cast.",
        "valid_targets": [ "self"],
        "effect": "attack",
        "shape": "blast",
        "base_casting_time": 100,
        "flags": ["SILENT", "NO_LEGS", "NO_HANDS","IGNORE_WALLS" ],
        "min_damage": 1,
        "max_damage": 1,
        "min_range": 50,
        "max_range": 50,
        "message": "",
        "extra_effects": [
          { "id": "PSY_magi_spell_pull_all_stun_remove" , "hit_self": true },
          { "id": "PSY_magi_spell_taunt_all_weak_main5" },
          { "id": "PSY_magi_spell_taunt_all_weak_main5" },
          { "id": "PSY_magi_spell_taunt_all_weak_main5" },
          { "id": "PSY_magi_spell_taunt_all_weak_main5" },
          { "id": "PSY_magi_spell_taunt_all_weak_main5" }
        ]
      },

      {
        "id": "PSY_magi_spell_taunt_all_weak_main5",
        "type": "SPELL",
        "name": "taunt all",
        "description": "Pull all.",
        "valid_targets": ["hostile"],
        "flags": [ "NO_PROJECTILE","NO_LEGS","IGNORE_WALLS" ],
        "effect": "area_pull",
        "shape": "blast",
        "spell_class": "NONE",
        "min_range": 1,
        "max_range": 1,
        "min_aoe": 5,
        "max_aoe": 5,
        "base_casting_time": 100
      },

      {
        "type": "SPELL",
        "id": "PSY_magi_spell_stun_base",
        "name": "Stun",
        "description": "Causes one of the summon spells to be cast.",
        "valid_targets": [ "hostile"],
        "effect": "attack",
        "effect_str": "stunned",
        "shape": "blast",
        "base_casting_time": 120,
        "flags": ["SILENT", "NO_LEGS", "NO_HANDS" ],
        "min_range": 6,
        "max_range": 6,
        "min_duration": 500,
        "max_duration": 500,
        "message": "",
        "extra_effects": [
          { "id": "PSY_magi_spell_self_damage_10" , "hit_self": true },
          { "id": "PSY_magi_monster_stun_spell" },
          { "id": "PSY_magi_monster_stun_spell" }
        ]
      },

      {
        "id": "PSY_magi_monster_stun_spell",
        "type": "SPELL",
        "name": "Force Stun",
        "description": "Force Stun.",
        "valid_targets": [ "hostile" ],
        "flags": [ "NO_PROJECTILE","NO_LEGS","RANDOM_TARGET","IGNORE_WALLS" ],
        "effect": "attack",
        "effect_str": "stunned",
        "shape": "blast",
        "spell_class": "NONE",
        "difficulty": 0,
        "base_casting_time": 80,
        "max_level": 0,
        "min_range": 6,
        "max_range": 6,
        "min_duration": 300,
        "max_duration": 300
      },

      {
        "type": "SPELL",
        "id": "PSY_magi_spell_deaf_base",
        "name": "summons creature",
        "description": "Causes one of the summon spells to be cast.",
        "valid_targets": [ "hostile"],
        "effect": "attack",
        "effect_str": "deaf",
        "shape": "blast",
        "base_casting_time": 240,
        "flags": ["SILENT", "NO_LEGS", "NO_HANDS" ],
        "min_range": 8,
        "max_range": 8,
        "min_duration": 2020,
        "max_duration": 2020,
        "min_aoe": 2,
        "max_aoe": 2,
        "message": "",
        "extra_effects": [
          { "id": "PSY_magi_spell_self_damage_10" , "hit_self": true },
          { "id": "PSY_magi_monster_deaf_spell" },
          { "id": "PSY_magi_monster_deaf_spell" }
        ]
      },

      {
        "id": "PSY_magi_monster_deaf_spell",
        "type": "SPELL",
        "name": "Force Deaf",
        "description": "Force Deaf.",
        "valid_targets": [ "hostile" ],
        "flags": [ "NO_PROJECTILE","NO_LEGS","RANDOM_TARGET","IGNORE_WALLS" ],
        "effect": "attack",
        "effect_str": "deaf",
        "shape": "blast",
        "spell_class": "NONE",
        "difficulty": 0,
        "base_casting_time": 80,
        "max_level": 0,
        "min_range": 8,
        "max_range": 8,
        "min_aoe": 1,
        "max_aoe": 1,
        "min_duration": 1360,
        "max_duration": 1360
      },

      {
        "type": "SPELL",
        "id": "PSY_magi_spell_glowy_led_base",
        "name": "Spot enemies",
        "description": "Causes one of the summon spells to be cast.",
        "valid_targets": [ "ground","hostile","self", "ally"],
        "effect": "attack",
        "shape": "blast",
        "base_casting_time": 500,
        "flags": ["WONDER","SILENT", "NO_LEGS", "NO_HANDS","RANDOM_TARGET","IGNORE_WALLS","NO_PROJECTILE" ],
        "min_damage": 1,
        "max_damage": 1,
        "min_range": 50,
        "max_range": 50,
        "message": "",
        "extra_effects": [
          { "id": "PSY_magi_spell_glowy_led_light_up" , "hit_self": true }
        ]
      },

      {
        "type": "SPELL",
        "id": "PSY_magi_spell_glowy_led_light_up",
        "name": "Light up",
        "description": "Causes one of the summon spells to be cast.",
        "valid_targets": [ "hostile"],
        "effect": "attack",
        "shape": "blast",
        "base_casting_time": 500,
        "flags": ["SILENT", "NO_LEGS", "NO_HANDS","IGNORE_WALLS","NO_PROJECTILE" ],
        "min_range": 1,
        "max_range": 1,
        "min_aoe": 30,
        "max_aoe": 30,
        "field_id": "fd_PSY_magi_spotlight",
        "min_field_intensity": 1,
        "max_field_intensity": 1,
        "message": "",
        "extra_effects": [
          { "id": "PSY_magi_spell_self_damage_10" , "hit_self": true },
          { "id": "PSY_magi_monster_glowy_led_spell", "hit_self": true }
        ]
      },

      {
        "id": "PSY_magi_monster_glowy_led_spell",
        "type": "SPELL",
        "name": "Force Deaf",
        "description": "Force Deaf.",
        "valid_targets": ["hostile" ,"self"],
        "flags": [ "SILENT","NO_PROJECTILE","NO_LEGS","IGNORE_WALLS" ],
        "effect": "attack",
        "shape": "blast",
        "spell_class": "NONE",
        "field_id": "fd_clairvoyant",
        "min_field_intensity": 1,
        "max_field_intensity": 1,
        "difficulty": 0,
        "base_casting_time": 80,
        "max_level": 0,
        "min_range": 1,
        "max_range": 1,
        "min_aoe": 30,
        "max_aoe": 30
      },

      {
        "type": "SPELL",
        "id": "PSY_magi_spell_weak_Strengthening_base",
        "name": "Strengthening",
        "description": "Causes one of the summon spells to be cast.",
        "valid_targets": ["self"],
        "effect": "attack",
        "shape": "blast",
        "base_casting_time": 1500,
        "flags": ["SILENT", "NO_LEGS", "NO_HANDS","IGNORE_WALLS","RANDOM_TARGET","NO_PROJECTILE" ],
        "min_range": 30,
        "max_range": 30,
        "message": "",
        "extra_effects": [
          { "id": "PSY_magi_monster_weak_Strengthening_spell" , "hit_self": true },
          { "id": "PSY_magi_spell_self_damage_20" , "hit_self": true }
        ]
      },

      {
        "id": "PSY_magi_monster_weak_Strengthening_spell",
        "type": "SPELL",
        "name": "Force Deaf",
        "description": "Force Deaf.",
        "valid_targets": ["ally","self"],
        "flags": [ "SILENT","NO_PROJECTILE","NO_LEGS","IGNORE_WALLS" ],
        "effect": "attack",
        "shape": "blast",
        "spell_class": "NONE",
        "effect_str": "PSY_magi_Strengthening",
        "difficulty": 0,
        "base_casting_time": 80,
        "min_duration": 600,
        "max_duration": 600,
        "max_level": 0,
        "min_range": 5,
        "max_range": 5,
        "min_aoe": 5,
        "max_aoe": 5
      },

      {
        "type": "SPELL",
        "id": "PSY_magi_spell_Strengthening_base",
        "name": "Strengthening",
        "description": "Causes one of the summon spells to be cast.",
        "valid_targets": ["self"],
        "effect": "attack",
        "shape": "blast",
        "base_casting_time": 1500,
        "flags": ["SILENT", "NO_LEGS", "NO_HANDS","IGNORE_WALLS","RANDOM_TARGET","NO_PROJECTILE" ],
        "min_range": 30,
        "max_range": 30,
        "message": "",
        "extra_effects": [
          { "id": "PSY_magi_monster_Strengthening_spell" , "hit_self": true },
          { "id": "PSY_magi_spell_self_damage_20" , "hit_self": true }
        ]
      },

      {
        "id": "PSY_magi_monster_Strengthening_spell",
        "type": "SPELL",
        "name": "Force Deaf",
        "description": "Force Deaf.",
        "valid_targets": ["ally","self"],
        "flags": [ "SILENT","NO_PROJECTILE","NO_LEGS","IGNORE_WALLS" ],
        "effect": "attack",
        "shape": "blast",
        "spell_class": "NONE",
        "effect_str": "PSY_magi_Strengthening",
        "difficulty": 0,
        "base_casting_time": 80,
        "min_duration": 6060,
        "max_duration": 6060,
        "max_level": 0,
        "min_range": 30,
        "max_range": 30,
        "min_aoe": 30,
        "max_aoe": 30
      },

      {
        "type": "SPELL",
        "id": "PSY_magi_spell_weak_summon_plague_rat_base",
        "name": "Strengthening",
        "description": "Causes one of the summon spells to be cast.",
        "valid_targets": ["self"],
        "effect": "attack",
        "shape": "blast",
        "base_casting_time": 600,
        "flags": ["SILENT", "NO_LEGS", "NO_HANDS","IGNORE_WALLS","RANDOM_TARGET","NO_PROJECTILE" ],
        "min_range": 25,
        "max_range": 25,
        "message": "",
        "extra_effects": [
          { "id": "PSY_magi_spell_weak_summon_plague_rat_sub", "hit_self": true},
          { "id": "PSY_magi_spell_self_damage_20" , "hit_self": true }
        ]
      },

      {
        "type": "SPELL",
        "id": "PSY_magi_spell_weak_summon_plague_rat_sub",
        "name": "Summon Wisps",
        "description": "Summons wisps.",
        "flags": [ "HOSTILE_SUMMON","SILENT", "NO_PROJECTILE","RANDOM_DURATION","RANDOM_TARGET" ],
        "valid_targets": [ "ground" ],
        "base_casting_time": 100,
        "min_damage": 1,
        "max_damage": 1,
        "min_range": 2,
        "max_range": 2,
        "min_duration": 1500,
        "max_duration": 3000,
        "message": "totem summons rats!",
        "shape": "blast",
        "effect": "summon",
        "effect_str": "PSY_magi_rnd_mon_plague_rat"
      },

      {
        "type": "SPELL",
        "id": "PSY_magi_spell_summon_plague_rat_base",
        "name": "Strengthening",
        "description": "Causes one of the summon spells to be cast.",
        "valid_targets": ["self"],
        "effect": "attack",
        "shape": "blast",
        "base_casting_time": 600,
        "flags": ["SILENT", "NO_LEGS", "NO_HANDS","IGNORE_WALLS","RANDOM_TARGET","NO_PROJECTILE" ],
        "min_range": 25,
        "max_range": 25,
        "message": "",
        "extra_effects": [
          { "id": "PSY_magi_spell_summon_plague_rat_sub", "hit_self": true},
          { "id": "PSY_magi_spell_summon_plague_rat_sub2" , "hit_self": true},
          { "id": "PSY_magi_spell_self_damage_20" , "hit_self": true }
        ]
      },

      {
        "type": "SPELL",
        "id": "PSY_magi_spell_summon_plague_rat_sub",
        "name": "Summon Wisps",
        "description": "Summons wisps.",
        "flags": [ "SILENT", "NO_PROJECTILE","RANDOM_DURATION","RANDOM_TARGET" ],
        "valid_targets": [ "ground" ],
        "base_casting_time": 100,
        "min_damage": 1,
        "max_damage": 1,
        "min_range": 2,
        "max_range": 2,
        "min_duration": 18000,
        "max_duration": 36000,
        "message": "totem summons rats!",
        "shape": "blast",
        "effect": "summon",
        "effect_str": "PSY_magi_mon_plague_rat"
      },
      {
        "type": "SPELL",
        "id": "PSY_magi_spell_summon_plague_rat_sub2",
        "name": "Summon Wisps",
        "description": "Summons wisps.",
        "flags": [ "SILENT", "NO_PROJECTILE","RANDOM_DURATION","RANDOM_TARGET" ],
        "valid_targets": [ "ground" ],
        "base_casting_time": 100,
        "min_damage": 1,
        "max_damage": 1,
        "min_range": 2,
        "max_range": 2,
        "min_duration": 18000,
        "max_duration": 36000,
        "message": "totem summons rats!",
        "shape": "blast",
        "effect": "summon",
        "effect_str": "PSY_magi_mon_plague_rat2"
      },

      {
        "type": "SPELL",
        "id": "PSY_magi_spell_summon_weak_skeleton_base",
        "name": "Summon skeletons",
        "description": "Causes one of the summon spells to be cast.",
        "valid_targets": ["self"],
        "effect": "attack",
        "shape": "blast",
        "base_casting_time": 600,
        "flags": ["SILENT", "NO_LEGS", "NO_HANDS","IGNORE_WALLS","RANDOM_TARGET","NO_PROJECTILE" ],
        "min_range": 25,
        "max_range": 25,
        "message": "",
        "extra_effects": [
          { "id": "PSY_magi_spell_summon_weak_skeleton_sub", "hit_self": true},
          { "id": "PSY_magi_spell_summon_weak_skeleton_sub" , "hit_self": true},
          { "id": "PSY_magi_spell_self_damage_20" , "hit_self": true }
        ]
      },

      {
        "type": "SPELL",
        "id": "PSY_magi_spell_summon_weak_skeleton_sub",
        "name": "Summon Wisps",
        "description": "Summons wisps.",
        "flags": [ "SILENT", "NO_PROJECTILE","RANDOM_DURATION","RANDOM_TARGET" ],
        "valid_targets": [ "ground" ],
        "base_casting_time": 100,
        "min_damage": 1,
        "max_damage": 1,
        "min_range": 2,
        "max_range": 2,
        "min_duration": 6000,
        "max_duration": 72000,
        "message": "grave summons skeletons!",
        "shape": "blast",
        "effect": "summon",
        "effect_str": "PSY_magi_mon_zombie_skeltal_minion"
      },

      {
        "type": "SPELL",
        "id": "PSY_magi_spell_summon_hostile_skeleton_base",
        "name": "Summon skeletons",
        "description": "Causes one of the summon spells to be cast.",
        "valid_targets": ["self"],
        "effect": "attack",
        "shape": "blast",
        "base_casting_time": 600,
        "flags": ["SILENT", "NO_LEGS", "NO_HANDS","IGNORE_WALLS","RANDOM_TARGET","NO_PROJECTILE" ],
        "min_range": 25,
        "max_range": 25,
        "message": "",
        "extra_effects": [
          { "id": "PSY_magi_spell_summon_hostile_skeleton_sub", "hit_self": true},
          { "id": "PSY_magi_spell_summon_hostile_skeleton_sub" , "hit_self": true},
          { "id": "PSY_magi_spell_self_damage_20" , "hit_self": true }
        ]
      },

      {
        "type": "SPELL",
        "id": "PSY_magi_spell_summon_hostile_skeleton_sub",
        "name": "Summon Wisps",
        "description": "Summons wisps.",
        "flags": [ "HOSTILE_SUMMON","SILENT", "NO_PROJECTILE","RANDOM_DURATION","RANDOM_TARGET" ],
        "valid_targets": [ "ground" ],
        "base_casting_time": 100,
        "min_damage": 1,
        "max_damage": 1,
        "min_range": 2,
        "max_range": 2,
        "min_duration": 6000,
        "max_duration": 72000,
        "message": "grave summons skeletons!",
        "shape": "blast",
        "effect": "summon",
        "effect_str": "PSY_magi_rnd_mon_zombie_skeltal_minion"
      },

      {
        "type": "SPELL",
        "id": "PSY_magi_spell_crystalgolem_base",
        "name": "Golemspecial",
        "description": "Causes one of the summon spells to be cast.",
        "valid_targets": ["hostile","self","ground"],
        "effect": "none",
        "shape": "blast",
        "min_damage": 1,
        "max_damage": 1,
        "base_casting_time": 100,
        "flags": ["WONDER","NO_LEGS", "NO_HANDS","IGNORE_WALLS","RANDOM_TARGET","NO_PROJECTILE" ],
        "min_range": 15,
        "max_range": 15,
        "message": "",
        "extra_effects": [
          { "id": "PSY_magi_spell_summon_shockwave", "hit_self": true},
          { "id": "PSY_magi_spell_summon_shockwave", "hit_self": true},
          { "id": "PSY_magi_spell_self_golem_repair", "hit_self": true},
          { "id": "PSY_magi_spell_golem_laser" },
          { "id": "PSY_magi_spell_golem_laser" },
          { "id": "PSY_magi_spell_golem_overclocked", "hit_self": true },
          { "id": "PSY_magi_spell_golem_overclocked", "hit_self": true }
        ]
      },

      {
        "type": "SPELL",
        "id": "PSY_magi_spell_summon_shockwave",
        "name": "Summon Wisps",
        "description": "Summons wisps.",
        "flags": [ "SILENT", "NO_PROJECTILE","RANDOM_DURATION","RANDOM_TARGET" ],
        "valid_targets": [ "ground" ],
        "base_casting_time": 100,
        "min_damage": 2,
        "max_damage": 2,
        "min_range": 1,
        "max_range": 1,
        "min_aoe": 2,
        "max_aoe": 2,
        "min_duration": 1000,
        "max_duration": 1200,
        "message": "shockwave!",
        "shape": "blast",
        "effect": "summon",
        "effect_str": "PSY_magi_mon_shock_wave"
      },

      {
        "type": "SPELL",
        "id": "PSY_magi_spell_golem_laser",
        "name": "dazzling lazer",
        "description": "Causes one of the summon spells to be cast.",
        "valid_targets": [ "ground","hostile"],
        "effect": "attack",
        "damage_type": "heat",
        "field_id": "fd_dazzling",
        "min_field_intensity": 1,
        "max_field_intensity": 1,
        "shape": "line",
        "base_casting_time": 100,
        "flags": ["SILENT", "NO_LEGS", "NO_HANDS" ],
        "min_damage": 15,
        "max_damage": 15,
        "min_range": 15,
        "max_range": 15,
        "message": "Golem fires dazzling laser.",
        "extra_effects": [
          { "id": "PSY_magi_spell_pull_all_stun_remove" , "hit_self": true }
        ]
      },

      {
        "type": "SPELL",
        "id": "PSY_magi_spell_self_golem_repair",
        "name": "summons creature",
        "description": "Causes one of the summon spells to be cast.",
        "valid_targets": [ "self"],
        "effect": "attack",
        "damage_type": "pure",
        "shape": "blast",
        "base_casting_time": 10,
        "flags": ["SILENT", "NO_LEGS", "NO_HANDS","RANDOM_DAMAGE" ],
        "min_damage": -5,
        "max_damage": -15,
        "min_range": 1,
        "max_range": 1,
        "message": "Golem self-repairing",
        "extra_effects": [
          { "id": "PSY_magi_spell_pull_all_stun_remove" , "hit_self": true }
        ]
      },

      {
        "id": "PSY_magi_spell_golem_overclocked",
        "type": "SPELL",
        "name": { "str": "Head Knocking" },
        "description": "This spell overclock yourself for a short time.",
        "effect": "mod_moves",
        "shape": "blast",
        "message": "",
        "flags": [ "SILENT","NO_LEGS","RANDOM_DAMAGE" ],
        "valid_targets": [ "self" ],
        "spell_class": "NONE",
        "energy_source": "MANA",
        "base_casting_time": 10,
        "min_damage": 300,
        "max_damage": 600,
        "min_range": 1,
        "max_range": 1
      },

      {
        "type": "SPELL",
        "id": "PSY_magi_spell_summon_hostile_insect_base",
        "name": "Summon insects",
        "description": "Causes one of the summon spells to be cast.",
        "valid_targets": ["self"],
        "effect": "attack",
        "shape": "blast",
        "base_casting_time": 600,
        "flags": ["SILENT", "NO_LEGS", "NO_HANDS","IGNORE_WALLS","RANDOM_TARGET","NO_PROJECTILE" ],
        "min_range": 15,
        "max_range": 15,
        "message": "",
        "extra_effects": [
          { "id": "PSY_magi_spell_summon_hostile_insect_sub" , "hit_self": true},
          { "id": "PSY_magi_monster_escape" , "hit_self": true }
        ]
      },

      {
        "type": "SPELL",
        "id": "PSY_magi_spell_summon_hostile_insect_sub",
        "name": "Summon insects",
        "description": "Summons wisps.",
        "flags": [ "HOSTILE_SUMMON","SILENT", "NO_PROJECTILE","RANDOM_DURATION","RANDOM_TARGET","SPAWN_GROUP" ],
        "valid_targets": [ "ground" ],
        "base_casting_time": 100,
        "min_damage": 1,
        "max_damage": 1,
        "min_range": 2,
        "max_range": 2,
        "min_duration": 1000,
        "max_duration": 2000,
        "message": "The summoner summons insects!",
        "shape": "blast",
        "effect": "summon",
        "effect_str": "GROUP_PSY_magi_RND_INSECTS"
      },

      {
        "type": "SPELL",
        "id": "PSY_magi_spell_summon_hostile_totem_base",
        "name": "Summon totem",
        "description": "Causes one of the summon spells to be cast.",
        "valid_targets": ["self"],
        "effect": "attack",
        "shape": "blast",
        "base_casting_time": 600,
        "flags": ["SILENT", "NO_LEGS", "NO_HANDS","IGNORE_WALLS","RANDOM_TARGET","NO_PROJECTILE" ],
        "min_range": 3,
        "max_range": 3,
        "message": "",
        "extra_effects": [
          { "id": "PSY_magi_spell_summon_hostile_totem_sub" , "hit_self": true},
          { "id": "PSY_magi_monster_escape" , "hit_self": true }
        ]
      },

      {
        "type": "SPELL",
        "id": "PSY_magi_spell_summon_hostile_totem_sub",
        "name": "Summon insects",
        "description": "Summons wisps.",
        "flags": [ "HOSTILE_SUMMON","SILENT", "NO_PROJECTILE","RANDOM_DURATION","RANDOM_TARGET","SPAWN_GROUP" ],
        "valid_targets": [ "ground" ],
        "base_casting_time": 100,
        "min_damage": 1,
        "max_damage": 1,
        "min_range": 2,
        "max_range": 2,
        "min_duration": 2000,
        "max_duration": 4000,
        "message": "The summoner summons insects!",
        "shape": "blast",
        "effect": "summon",
        "effect_str": "GROUP_PSY_magi_RND_TOTEMS"
      },

      {
        "type": "SPELL",
        "id": "PSY_magi_spell_flyingmask_base",
        "name": "mask special",
        "description": "Causes one of the summon spells to be cast.",
        "valid_targets": ["hostile","self","ground"],
        "effect": "none",
        "shape": "blast",
        "min_damage": 1,
        "max_damage": 1,
        "base_casting_time": 100,
        "flags": ["WONDER","NO_LEGS", "NO_HANDS","IGNORE_WALLS","RANDOM_TARGET","NO_PROJECTILE" ],
        "min_range": 15,
        "max_range": 15,
        "message": "",
        "extra_effects": [
          { "id": "PSY_magi_spell_mask_speedup", "hit_self": true },
          { "id": "PSY_magi_spell_mask_speedup", "hit_self": true },
          { "id": "PSY_magi_spell_mask_speedup2", "hit_self": true }
        ]
      },

      {
        "id": "PSY_magi_spell_mask_speedup",
        "type": "SPELL",
        "name": { "str": "Head Knocking" },
        "description": "This spell overclock yourself for a short time.",
        "effect": "mod_moves",
        "shape": "blast",
        "message": "",
        "flags": [ "SILENT","NO_LEGS","RANDOM_DAMAGE" ],
        "valid_targets": [ "self" ],
        "spell_class": "NONE",
        "energy_source": "MANA",
        "base_casting_time": 10,
        "min_damage": 800,
        "max_damage": 1200,
        "min_range": 1,
        "max_range": 1
      },

      {
        "id": "PSY_magi_spell_mask_speedup2",
        "type": "SPELL",
        "name": { "str": "Head Knocking" },
        "description": "This spell overclock yourself for a short time.",
        "effect": "mod_moves",
        "shape": "blast",
        "message": "",
        "flags": [ "SILENT","NO_LEGS","RANDOM_DAMAGE" ],
        "valid_targets": [ "self" ],
        "spell_class": "NONE",
        "energy_source": "MANA",
        "base_casting_time": 10,
        "min_damage": 100,
        "max_damage": 200,
        "min_range": 1,
        "max_range": 1,
        "extra_effects": [
          { "id": "PSY_magi_monster_escape" , "hit_self": true }
        ]
      },

      {
        "type": "SPELL",
        "id": "PSY_magi_spell_maskhuman_base",
        "name": "mask special",
        "description": "Causes one of the summon spells to be cast.",
        "valid_targets": ["hostile","self","ground"],
        "effect": "none",
        "shape": "blast",
        "min_damage": 1,
        "max_damage": 1,
        "base_casting_time": 100,
        "flags": ["WONDER","NO_LEGS", "NO_HANDS","IGNORE_WALLS","RANDOM_TARGET","NO_PROJECTILE" ],
        "min_range": 15,
        "max_range": 15,
        "message": "",
        "extra_effects": [
          { "id": "PSY_magi_spell_maskhuman_speedup", "hit_self": true },
          { "id": "PSY_magi_spell_maskhuman_speedup", "hit_self": true },
          { "id": "PSY_magi_spell_mask_speedup2", "hit_self": true }
        ]
      },

      {
        "id": "PSY_magi_spell_maskhuman_speedup",
        "type": "SPELL",
        "name": { "str": "Head Knocking" },
        "description": "This spell overclock yourself for a short time.",
        "effect": "mod_moves",
        "shape": "blast",
        "message": "",
        "flags": [ "SILENT","NO_LEGS","RANDOM_DAMAGE" ],
        "valid_targets": [ "self" ],
        "spell_class": "NONE",
        "energy_source": "MANA",
        "base_casting_time": 10,
        "min_damage": 400,
        "max_damage": 600,
        "min_range": 1,
        "max_range": 1
      },

      {
        "type": "SPELL",
        "id": "PSY_magi_spell_fairy_heal_base",
        "name": "healing hp fairy",
        "description": "Causes one of the summon spells to be cast.",
        "valid_targets": [ "hostile"],
        "effect": "attack",
        "shape": "blast",
        "min_damage": -5,
        "max_damage": -5,
        "base_casting_time": 240,
        "flags": ["SILENT", "NO_LEGS", "NO_HANDS" ],
        "min_range": 2,
        "max_range": 2,
        "message": "fairy heals someone",
        "extra_effects": [
          { "id": "PSY_magi_spell_self_damage_10" , "hit_self": true }
        ]
      },

      {
        "type": "SPELL",
        "id": "PSY_magi_spell_fairy_mp_heal_base",
        "name": "healing mp fairy",
        "description": "Causes one of the summon spells to be cast.",
        "valid_targets": [ "hostile"],
        "effect": "recover_energy",
        "effect_str": "MANA",
        "shape": "blast",
        "min_damage": 100,
        "max_damage": 300,
        "base_casting_time": 240,
        "flags": ["SILENT", "NO_LEGS", "NO_HANDS","RANDOM_DAMAGE" ],
        "min_range": 2,
        "max_range": 2,
        "message": "fairy heals someone's mp",
        "extra_effects": [
          { "id": "PSY_magi_spell_self_damage_10" , "hit_self": true }
        ]
      },

      {
        "type": "SPELL",
        "id": "PSY_magi_spell_healing_ally_base",
        "name": "Strengthening",
        "description": "Causes one of the summon spells to be cast.",
        "valid_targets": ["self"],
        "effect": "attack",
        "shape": "blast",
        "base_casting_time": 100,
        "flags": ["SILENT", "NO_LEGS", "NO_HANDS","IGNORE_WALLS","RANDOM_TARGET","NO_PROJECTILE" ],
        "min_range": 10,
        "max_range": 10,
        "message": "",
        "extra_effects": [
          { "id": "PSY_magi_monster_healing_ally_spell" , "hit_self": true },
          { "id": "PSY_magi_spell_self_damage_30" , "hit_self": true }
        ]
      },

      {
        "id": "PSY_magi_monster_healing_ally_spell",
        "type": "SPELL",
        "name": "Healing ally",
        "description": "healing ally.",
        "valid_targets": ["ally","self"],
        "flags": [ "SILENT","NO_PROJECTILE","NO_LEGS","IGNORE_WALLS" ],
        "effect": "attack",
        "shape": "blast",
        "spell_class": "NONE",
        "effect_str": "PSY_magi_weak_accelerating",
        "difficulty": 0,
        "base_casting_time": 80,
        "min_duration": 600,
        "max_duration": 600,
        "min_damage": -20,
        "max_damage": -20,
        "max_level": 0,
        "min_range": 7,
        "max_range": 7,
        "min_aoe": 5,
        "max_aoe": 5
      },

      {
        "type": "SPELL",
        "id": "PSY_magi_spell_botanist_base",
        "name": "Nature magic",
        "description": "Causes one of the summon spells to be cast.",
        "valid_targets": ["hostile","self","ground"],
        "effect": "none",
        "shape": "blast",
        "min_damage": 1,
        "max_damage": 1,
        "base_casting_time": 100,
        "flags": ["WONDER","NO_LEGS", "NO_HANDS","IGNORE_WALLS","RANDOM_TARGET","NO_PROJECTILE" ],
        "min_range": 7,
        "max_range": 7,
        "message": "",
        "extra_effects": [
          { "id": "PSY_magi_hostile_spawn_vine_tentacle", "hit_self": true},
          { "id": "PSY_magi_hostile_spawn_vine_tentacle", "hit_self": true},
          { "id": "PSY_magi_spell_hostile_Tangled_vine_line_base" },
          { "id": "PSY_magi_spell_hostile_acid_rain_base" }
        ]
      },

      {
        "id": "PSY_magi_hostile_spawn_vine_tentacle",
        "type": "SPELL",
        "name": "Conjure a vine tentacle ",
        "description": "Summon a plant tentacle at target location, it pull nearby enemy and attack with its long body",
        "valid_targets": [ "ground" ],
        "min_damage": 2,
        "max_damage": 2,
        "max_level": 20,
        "difficulty": 2,
        "spell_class": "NONE",
        "effect": "summon",
        "effect_str": "PSY_magi_rnd_mon_vine_tentacle",
        "shape": "blast",
        "base_casting_time": 200,
        "casting_time_increment": -2.5,
        "final_casting_time": 150,
        "min_range": 1,
        "max_range": 1,
        "min_aoe": 2,
        "max_aoe": 2,
        "range_increment": 0.25,
        "flags": [ "HOSTILE_SUMMON","SOMATIC", "NO_LEGS","NO_PROJECTILE","SILENT", "NO_HANDS","RANDOM_TARGET","RANDOM_DURATION" ],
        "min_duration": 1500,
        "max_duration": 3000
    },

    {
      "id": "PSY_magi_spell_hostile_Tangled_vine_line_base",
      "type": "SPELL",
      "name": "Tangled Vine",
      "description": "Conjure Crawling magical vines up to the target location, then flourish many tangled vines after reaching there.\n Monsters who steps on the vine will move slower.",
      "valid_targets": [ "hostile"],
      "flags": [ "CONCENTRATE", "SOMATIC","NO_PROJECTILE","LOUD" ],
      "effect": "attack",
      "shape": "blast",
      "spell_class": "NONE",
      "energy_source": "MANA",
      "difficulty": 3,
      "max_level": 20,
      "base_casting_time": 300,
      "casting_time_increment": -5.0,
      "final_casting_time": 200,
      "base_energy_cost": 360,
      "energy_increment": -5.0,
      "final_energy_cost": 260,
      "min_damage": 1,
      "max_damage": 1,
      "damage_increment": 2.0,
      "damage_type": "biological",
      "min_range": 7,
      "max_range": 7,
      "range_increment": 0.5,
      "extra_effects": [
        { "id": "PSY_magi_spell_hostile_Tangled_vine_line" }
      ]
  },

    {
      "id": "PSY_magi_spell_hostile_Tangled_vine_line",
      "type": "SPELL",
      "name": "Tangled Vine",
      "description": "Conjure Crawling magical vines up to the target location, then flourish many tangled vines after reaching there.\n Monsters who steps on the vine will move slower.",
      "valid_targets": [ "hostile","ground", "ally"],
      "flags": [ "CONCENTRATE", "SOMATIC","NO_PROJECTILE","LOUD" ],
      "effect": "attack",
      "shape": "line",
      "spell_class": "NONE",
      "difficulty": 3,
      "max_level": 20,
      "base_casting_time": 300,
      "casting_time_increment": -5.0,
      "final_casting_time": 200,
      "min_damage": 1,
      "max_damage": 1,
      "damage_increment": 2.0,
      "damage_type": "biological",
      "field_id": "fd_PSY_magi_weak_tangled_vine",
      "min_field_intensity": 1,
      "max_field_intensity": 1,
      "min_range": 7,
      "max_range": 7,
      "range_increment": 0.5,
      "extra_effects": [
        { "id": "PSY_magi_spell_hostile_Tangled_vine_line_sub" }
      ]
  },

  {
      "id": "PSY_magi_spell_hostile_Tangled_vine_line_sub",
      "type": "SPELL",
      "name": "Tangled vine sub",
      "description": "Conjure Crawling magical vines up to the target location, then flourish many tangled vines after reaching there.\n Monsters who steps on the vine will move slower.",
      "valid_targets": [ "hostile", "ally" ,"ground"],
      "flags": [ "NO_PROJECTILE","NO_LEGS" ],
      "effect": "attack",
      "shape": "blast",
      "damage_type": "biological",
      "spell_class": "NONE",
      "field_id": "fd_PSY_magi_weak_tangled_vine",
      "min_field_intensity": 1,
      "max_field_intensity": 1,
      "max_level": 20,
      "min_damage": 1,
      "max_damage": 1,
      "damage_increment": 2.0,
      "min_range": 18,
      "max_range": 18,
      "min_aoe": 2,
      "max_aoe": 2,
      "base_casting_time": 100
  },

  {
    "id": "PSY_magi_spell_hostile_acid_rain_base",
    "type": "SPELL",
    "name": "hostile_acid_rain",
    "description": "Conjure Crawling magical vines up to the target location, then flourish many tangled vines after reaching there.\n Monsters who steps on the vine will move slower.",
    "valid_targets": [ "hostile"],
    "flags": [ "CONCENTRATE", "SOMATIC","NO_PROJECTILE","LOUD" ],
    "effect": "attack",
    "shape": "blast",
    "spell_class": "NONE",
    "energy_source": "MANA",
    "difficulty": 3,
    "max_level": 20,
    "base_casting_time": 300,
    "casting_time_increment": -5.0,
    "final_casting_time": 200,
    "base_energy_cost": 360,
    "energy_increment": -5.0,
    "final_energy_cost": 260,
    "min_damage": 1,
    "max_damage": 1,
    "damage_increment": 2.0,
    "damage_type": "biological",
    "min_range": 7,
    "max_range": 7,
    "range_increment": 0.5,
    "extra_effects": [
      { "id": "PSY_magi_hostile_acid_rain" }
    ]
},

  {
    "id": "PSY_magi_hostile_acid_rain",
    "type": "SPELL",
    "name": "Acid rain",
    "description": "Acid rain.",
    "valid_targets": ["hostile" , "ground", "ally"],
    "effect": "attack",
    "shape": "blast",
    "spell_class": "NONE",
    "flags": [ "NO_LEGS", "CONCENTRATE", "SOMATIC","IGNORE_WALLS" ],
    "field_id": "fd_acid",
    "field_chance": 40,
    "min_damage": 1,
    "max_damage": 1,
    "damage_type": "biological",
    "min_field_intensity": 2,
    "max_field_intensity": 2,
    "field_intensity_variance": 1.0,
    "min_aoe": 4,
    "max_aoe": 4,
    "min_range": 7,
    "max_range": 7,
    "range_increment": 0.4,
    "max_level": 20,
    "difficulty": 4,
    "base_casting_time": 200,
    "base_energy_cost": 220,
    "energy_increment": -5,
    "final_energy_cost": 170
}
]
