[

    {
        "id": "PSY_magi_spawn_vine_tentacle",
        "type": "SPELL",
        "name": "Conjure a vine tentacle ",
        "description": "Summon a plant tentacle at target location, it pull nearby enemy and attack with its long body",
        "valid_targets": [ "ground" ],
        "min_damage": 1,
        "max_damage": 1,
        "max_level": 20,
        "difficulty": 2,
        "spell_class": "NONE",
        "effect": "summon",
        "effect_str": "PSY_magi_mon_vine_tentacle",
        "shape": "blast",
        "energy_source": "MANA",
        "base_energy_cost": 80,
        "energy_increment": -1.0,
        "final_energy_cost": 60,
        "base_casting_time": 200,
        "casting_time_increment": -2.5,
        "final_casting_time": 150,
        "min_range": 5,
        "max_range": 10,
        "range_increment": 0.25,
        "flags": [ "SOMATIC", "NO_LEGS","NO_PROJECTILE","SILENT", "NO_HANDS" ],
        "min_duration": 3500,
        "max_duration": 7000,
        "duration_increment": 175
    },

    {
        "id": "PSY_magi_spawn_plant_shooter",
        "type": "SPELL",
        "name": "Conjure a sentry plant ",
        "description": "Summon a sentry-plant that shoots seeds to nearest enemy.",
        "valid_targets": [ "ground" ],
        "min_damage": 1,
        "max_damage": 1,
        "max_level": 20,
        "difficulty": 4,
        "spell_class": "NONE",
        "effect": "summon",
        "effect_str": "PSY_magi_mon_plant_shooter",
        "shape": "blast",
        "energy_source": "MANA",
        "base_energy_cost": 180,
        "energy_increment": -2.0,
        "final_energy_cost": 140,
        "base_casting_time": 400,
        "casting_time_increment": -5.0,
        "final_casting_time": 300,
        "min_range": 5,
        "max_range": 10,
        "range_increment": 0.25,
        "flags": [ "SOMATIC", "NO_LEGS","NO_PROJECTILE","SILENT", "NO_HANDS" ],
        "min_duration": 6000,
        "max_duration": 12000,
        "duration_increment": 300
    },

    {
        "id": "PSY_magi_summon_magic_5x5box",
        "type": "SPELL",
        "name": "Summon Vine Wall",
        "description": "Summon 5x5 vine walls around the target tile.\n Those inside can't get out unless they destroy the wall or walls disappears by time",
        "valid_targets": [ "ground","hostile","ally","self" ],
        "flags": [ "SOMATIC", "VERBAL" ],
        "effect": "summon_vehicle",
        "spell_class": "NONE",
        "energy_source": "MANA",
        "effect_str": "PSY_magi_5x5box",
        "shape": "blast",
        "difficulty": 4,
        "max_level": 20,
        "base_casting_time": 1500,
        "casting_time_increment": -15.0,
        "final_casting_time": 1200,
        "base_energy_cost": 600,
        "min_range": 6,
        "max_range": 16,
        "range_increment": 1,
        "//": "3 minutes",
        "min_duration": 18000,
        "max_duration": 18000
    },

    {
        "id": "PSY_magi_spell_Tangled_vine_line",
        "type": "SPELL",
        "name": "Tangled Vine",
        "description": "Conjure Crawling magical vines up to the target location, then flourish many tangled vines after reaching there.\n Monsters who steps on the vine will move slower.",
        "valid_targets": [ "hostile", "ally" ,"ground"],
        "flags": [ "CONCENTRATE", "SOMATIC","NO_PROJECTILE","LOUD" ],
        "effect": "attack",
        "shape": "line",
        "spell_class": "NONE",
        "energy_source": "MANA",
        "difficulty": 3,
        "max_level": 20,
        "base_casting_time": 300,
        "casting_time_increment": -5.0,
        "final_casting_time": 200,
        "base_energy_cost": 360,
        "energy_increment": -5.0,
        "final_energy_cost": 260,
        "min_damage": 12,
        "max_damage": 52,
        "damage_increment": 2.0,
        "damage_type": "biological",
        "field_id": "fd_PSY_magi_tangled_vine",
        "min_field_intensity": 1,
        "max_field_intensity": 1,
        "min_range": 8,
        "max_range": 18,
        "range_increment": 0.5,
        "extra_effects": [
          { "id": "PSY_magi_spell_Tangled_vine_line_sub" }
        ]
    },

    {
        "id": "PSY_magi_spell_Tangled_vine_line_sub",
        "type": "SPELL",
        "name": "Tangled vine sub",
        "description": "Conjure Crawling magical vines up to the target location, then flourish many tangled vines after reaching there.\n Monsters who steps on the vine will move slower.",
        "valid_targets": [ "hostile", "ally" ,"ground"],
        "flags": [ "NO_PROJECTILE","NO_LEGS" ],
        "effect": "attack",
        "shape": "blast",
        "damage_type": "biological",
        "spell_class": "NONE",
        "field_id": "fd_PSY_magi_tangled_vine",
        "min_field_intensity": 1,
        "max_field_intensity": 1,
        "max_level": 20,
        "min_damage": 12,
        "max_damage": 52,
        "damage_increment": 2.0,
        "min_range": 18,
        "max_range": 18,
        "min_aoe": 3,
        "max_aoe": 3,
        "base_casting_time": 100
    },

    {
        "id": "PSY_magi_spell_create_orchard",
        "type": "SPELL",
        "name": "Create orchard fields",
        "description": "Instantly fills some of target tiles with orchard.\n Those who step on those fields gain status bonus, quench some thirst and greatly recover stamina.",
        "valid_targets": ["ground"],
        "flags": ["NO_PROJECTILE","NO_LEGS" ],
        "effect": "attack",
        "shape": "blast",
        "spell_class": "NONE",
        "energy_source": "MANA",
        "difficulty": 7,
        "max_level": 20,
        "base_casting_time": 900,
        "casting_time_increment": -15.0,
        "final_casting_time": 600,
        "base_energy_cost": 610,
        "energy_increment": -10.0,
        "final_energy_cost": 410,
        "min_range": 6,
        "max_range": 6,
        "min_aoe": 5,
        "max_aoe": 5,
        "extra_effects": [
          { "id": "PSY_magi_spell_create_orchard_sub"  },
          { "id": "PSY_magi_spell_create_orchard_sub2"  },
          { "id": "PSY_magi_spell_create_orchard_sub3"  },
          { "id": "PSY_magi_spell_create_orchard_sub4"  },
          { "id": "PSY_magi_spell_create_orchard_sub5"  }
        ]
    },

    {
        "type": "SPELL",
        "id": "PSY_magi_spell_create_orchard_sub",
        "name": "Create orchard fields",
        "description": "This spell create orchard fields.",
        "valid_targets": [ "ground"],
        "effect": "attack",
        "shape": "blast",
        "base_casting_time": 20,
        "flags": ["SILENT", "NO_LEGS", "NO_HANDS","RANDOM_TARGET" ],
        "min_damage": -2,
        "max_damage": -2,
        "damage_type": "pure",
        "field_id": "fd_PSY_magi_apple_orchard",
        "min_field_intensity": 1,
        "max_field_intensity": 1,
        "min_range": 5,
        "max_range": 5,
        "message": ""
    },

    {
        "type": "SPELL",
        "id": "PSY_magi_spell_create_orchard_sub2",
        "name": "Create orchard fields",
        "description": "This spell create orchard fields.",
        "valid_targets": [ "ground"],
        "effect": "attack",
        "shape": "blast",
        "base_casting_time": 20,
        "flags": ["SILENT", "NO_LEGS", "NO_HANDS","RANDOM_TARGET" ],
        "min_damage": -2,
        "max_damage": -2,
        "damage_type": "pure",
        "field_id": "fd_PSY_magi_Strawberries_orchard",
        "min_field_intensity": 1,
        "max_field_intensity": 1,
        "min_range": 5,
        "max_range": 5,
        "message": ""
    },

    {
        "type": "SPELL",
        "id": "PSY_magi_spell_create_orchard_sub3",
        "name": "Create orchard fields",
        "description": "This spell create orchard fields.",
        "valid_targets": [ "ground"],
        "effect": "attack",
        "shape": "blast",
        "base_casting_time": 20,
        "flags": ["SILENT", "NO_LEGS", "NO_HANDS","RANDOM_TARGET" ],
        "min_damage": -2,
        "max_damage": -2,
        "damage_type": "pure",
        "field_id": "fd_PSY_magi_banana_orchard",
        "min_field_intensity": 1,
        "max_field_intensity": 1,
        "min_range": 5,
        "max_range": 5,
        "message": ""
    },

    {
        "type": "SPELL",
        "id": "PSY_magi_spell_create_orchard_sub4",
        "name": "Create orchard fields",
        "description": "This spell create orchard fields.",
        "valid_targets": [ "ground"],
        "effect": "attack",
        "shape": "blast",
        "base_casting_time": 20,
        "flags": ["SILENT", "NO_LEGS", "NO_HANDS","RANDOM_TARGET" ],
        "min_damage": -2,
        "max_damage": -2,
        "damage_type": "pure",
        "field_id": "fd_PSY_magi_blueberries_orchard",
        "min_field_intensity": 1,
        "max_field_intensity": 1,
        "min_range": 5,
        "max_range": 5,
        "message": ""
    },

    {
        "type": "SPELL",
        "id": "PSY_magi_spell_create_orchard_sub5",
        "name": "Create orchard fields",
        "description": "This spell create orchard fields.",
        "valid_targets": [ "ground"],
        "effect": "attack",
        "shape": "blast",
        "base_casting_time": 20,
        "flags": ["SILENT", "NO_LEGS", "NO_HANDS","RANDOM_TARGET" ],
        "min_damage": -2,
        "max_damage": -2,
        "damage_type": "pure",
        "field_id": "fd_PSY_magi_lemon_orchard",
        "min_field_intensity": 1,
        "max_field_intensity": 1,
        "min_range": 5,
        "max_range": 5,
        "message": ""
    },

    {
        "id": "PSY_magi_create_floating_earth",
        "type": "SPELL",
        "name": { "str": "Create floating earth" },
        "description": "This spell condenses surrounding substances to create floating earth on air or fills water and lava with soil.",
        "valid_targets": [ "ground" ],
        "effect": "ter_transform",
        "effect_str": "PSY_magi_floating_earth_form",
        "shape": "blast",
        "energy_source": "MANA",
        "flags": [ "CONCENTRATE", "VERBAL", "NO_LEGS" ],
        "difficulty": 7,
        "base_casting_time": 30000,
        "final_casting_time": 6000,
        "casting_time_increment": -2400,
        "base_energy_cost": 600,
        "energy_increment": -5.0,
        "final_energy_cost": 500,
        "max_level": 20,
        "min_range": 3,
        "max_range": 9,
        "range_increment": 0.3
    },

    {
        "id": "PSY_magi_woodskin",
        "type": "SPELL",
        "name": "Woodskin",
        "description": "Creates a thick layer of bark that covers caster's skin. the layer affords some protections againist stub, cut and bash. ",
        "valid_targets": [ "self" ],
        "effect": "spawn_item",
        "effect_str": "PSY_magi_Woodskin_res_aura",
        "shape": "blast",
        "spell_class": "NONE",
        "energy_source": "MANA",
        "difficulty": 1,
        "max_level": 10,
        "min_damage": 1,
        "max_damage": 1,
        "base_energy_cost": 350,
        "energy_increment": -5.0,
        "final_energy_cost": 300,
        "min_duration": 30000,
        "max_duration": 60000,
        "duration_increment": 3000,
        "base_casting_time": 1000,
        "casting_time_increment": -20.0,
        "final_casting_time": 800
    },

    {
        "id": "PSY_magi_spawn_fear_totem",
        "type": "SPELL",
        "name": "Summon a fear Totem ",
        "description": "Summon a Totem that frighten nearby enemies(max range:6 tiles).",
        "valid_targets": [ "ground" ],
        "min_damage": 1,
        "max_damage": 1,
        "max_level": 20,
        "difficulty": 5,
        "spell_class": "NONE",
        "effect": "summon",
        "effect_str": "PSY_magi_mon_fear_totem",
        "shape": "blast",
        "energy_source": "MANA",
        "base_energy_cost": 600,
        "energy_increment": -7.5,
        "final_energy_cost": 450,
        "base_casting_time": 500,
        "casting_time_increment": -5.0,
        "final_casting_time": 400,
        "min_range": 7,
        "max_range": 12,
        "range_increment": 0.25,
        "flags": [ "PERMANENT","SOMATIC", "NO_LEGS","NO_PROJECTILE","SILENT", "NO_HANDS" ],
        "min_duration": 1,
        "max_duration": 1
    },

    {
        "id": "PSY_magi_spawn_charm_totem",
        "type": "SPELL",
        "name": "Summon a Mindcontrol Totem ",
        "description": "Summon a Totem that Mindcontrol random enemy(maxHP 180 or under) within 5 tiles.",
        "valid_targets": [ "ground" ],
        "min_damage": 1,
        "max_damage": 1,
        "max_level": 20,
        "difficulty": 7,
        "spell_class": "NONE",
        "effect": "summon",
        "effect_str": "PSY_magi_mon_charm_totem",
        "shape": "blast",
        "energy_source": "MANA",
        "base_energy_cost": 750,
        "energy_increment": -10.0,
        "final_energy_cost": 550,
        "base_casting_time": 550,
        "casting_time_increment": -5.0,
        "final_casting_time": 450,
        "min_range": 10,
        "max_range": 14,
        "range_increment": 0.25,
        "flags": [ "PERMANENT","SOMATIC", "NO_LEGS","NO_PROJECTILE","SILENT", "NO_HANDS" ],
        "min_duration": 1,
        "max_duration": 1
    },

    {
        "id": "PSY_magi_spawn_blind_totem",
        "type": "SPELL",
        "name": "Summon a blind Totem ",
        "description": "Summon a Totem that blind nearest enemies(max range:15 tiles).",
        "valid_targets": [ "ground" ],
        "min_damage": 1,
        "max_damage": 1,
        "max_level": 20,
        "difficulty": 3,
        "spell_class": "NONE",
        "effect": "summon",
        "effect_str": "PSY_magi_mon_blind_totem",
        "shape": "blast",
        "energy_source": "MANA",
        "base_energy_cost": 500,
        "energy_increment": -5.0,
        "final_energy_cost": 400,
        "base_casting_time": 400,
        "casting_time_increment": -5.0,
        "final_casting_time": 300,
        "min_range": 5,
        "max_range": 10,
        "range_increment": 0.25,
        "flags": [ "PERMANENT","SOMATIC", "NO_LEGS","NO_PROJECTILE","SILENT", "NO_HANDS" ],
        "min_duration": 1,
        "max_duration": 1
    },

    {
        "id": "PSY_magi_spawn_plague_totem",
        "type": "SPELL",
        "name": "Summon a plague Totem ",
        "description": "Summon a Totem that inflicts plague(slowing and Dot) nearby enemies(max range:12 tiles).",
        "valid_targets": [ "ground" ],
        "min_damage": 1,
        "max_damage": 1,
        "max_level": 20,
        "difficulty": 6,
        "spell_class": "NONE",
        "effect": "summon",
        "effect_str": "PSY_magi_mon_plague_totem",
        "shape": "blast",
        "energy_source": "MANA",
        "base_energy_cost": 700,
        "energy_increment": -5.0,
        "final_energy_cost": 600,
        "base_casting_time": 450,
        "casting_time_increment": -5.0,
        "final_casting_time": 350,
        "min_range": 5,
        "max_range": 10,
        "range_increment": 0.25,
        "flags": [ "PERMANENT","SOMATIC", "NO_LEGS","NO_PROJECTILE","SILENT", "NO_HANDS" ],
        "min_duration": 1,
        "max_duration": 1
    },

    {
        "id": "PSY_magi_spawn_taunt_totem",
        "type": "SPELL",
        "name": "Summon a Tauntotem ",
        "description": "Summon a Totem that Taunt nearby enemies(max range:5 tiles).",
        "valid_targets": [ "ground" ],
        "min_damage": 1,
        "max_damage": 1,
        "max_level": 20,
        "difficulty": 3,
        "spell_class": "NONE",
        "effect": "summon",
        "effect_str": "PSY_magi_mon_taunt_totem",
        "shape": "blast",
        "energy_source": "MANA",
        "base_energy_cost": 450,
        "energy_increment": -5.0,
        "final_energy_cost": 350,
        "base_casting_time": 350,
        "casting_time_increment": -5.0,
        "final_casting_time": 250,
        "min_range": 7,
        "max_range": 12,
        "range_increment": 0.25,
        "flags": [ "PERMANENT","SOMATIC", "NO_LEGS","NO_PROJECTILE","SILENT", "NO_HANDS" ],
        "min_duration": 1,
        "max_duration": 1
    },

    {
        "id": "PSY_magi_spell_repair_totem",
        "type": "SPELL",
        "name": "Repair Totem",
        "description": "Repair target totem to full HP .",
        "valid_targets": [ "ally" ],
        "flags": [ "NO_PROJECTILE","NO_LEGS" ],
        "targeted_monster_ids": [
          "PSY_magi_mon_fear_totem",
          "PSY_magi_mon_blind_totem",
          "PSY_magi_mon_charm_totem",
          "PSY_magi_mon_plague_totem",
          "PSY_magi_mon_taunt_totem",
          "PSY_magi_mon_stun_totem",
          "PSY_magi_mon_glowy_totem",
          "PSY_magi_mon_Strengthening_totem",
          "PSY_magi_mon_plague_rat_totem"
        ],
        "effect": "attack",
        "shape": "blast",
        "spell_class": "NONE",
        "energy_source": "MANA",
        "max_level": 20,
        "min_damage": -1500,
        "max_damage": -1500,
        "damage_type": "pure",
        "base_energy_cost": 250,
        "energy_increment": -2.5,
        "final_energy_cost": 200,
        "min_range": 10,
        "max_range": 15,
        "range_increment": 0.5,
        "base_casting_time": 50,
        "final_casting_time": 40,
        "casting_time_increment": -0.5
    },

    {
        "id": "PSY_magi_spell_morph_totem",
        "type": "SPELL",
        "name": "Polymorph Totem",
        "description": "Polymorph target totem into another form.\n Fear totem into stun totem that stun nearby enemies.\nMindcontrol Totem into Strengthening totem that buffs nearby friendly units.\nblind Totem into spotting totem that spots and illuminates all nearby enemies.\nPlague totem into rat totem that summon a lot of plague rats.",
        "valid_targets": [ "ally" ],
        "flags": [ "NO_PROJECTILE","NO_LEGS" ],
        "targeted_monster_ids": [
          "PSY_magi_mon_fear_totem",
          "PSY_magi_mon_blind_totem",
          "PSY_magi_mon_charm_totem",
          "PSY_magi_mon_plague_totem"
        ],
        "effect": "attack",
        "shape": "blast",
        "spell_class": "NONE",
        "energy_source": "MANA",
        "max_level": 20,
        "min_damage": -500,
        "max_damage": -500,
        "damage_type": "pure",
        "base_energy_cost": 300,
        "energy_increment": -2.5,
        "final_energy_cost": 250,
        "min_range": 10,
        "max_range": 15,
        "range_increment": 0.5,
        "base_casting_time": 50,
        "final_casting_time": 40,
        "casting_time_increment": -0.5,
        "extra_effects": [
          { "id": "PSY_magi_spell_morph_stun_totem"  },
          { "id": "PSY_magi_spell_morph_glowy_totem"  },
          { "id": "PSY_magi_spell_morph_Strengthening_totem"  },
          { "id": "PSY_magi_spell_morph_Plague_rat_totem"  }
        ]
    },

    {
        "id": "PSY_magi_spell_morph_stun_totem",
        "type": "SPELL",
        "name": "Totem Polymorph:Stun",
        "description": "Polymorph target fear totem into stun totem that stuns nearby enemies(max range:6 tiles).",
        "valid_targets": [ "ally" ],
        "flags": [ "NO_LEGS", "NO_PROJECTILE","FRIENDLY_POLY" ],
        "effect": "targeted_polymorph",
        "effect_str": "PSY_magi_mon_stun_totem",
        "shape": "blast",
        "spell_class": "NONE",
        "energy_source": "MANA",
        "base_casting_time": 20,
        "final_casting_time": 20,
        "base_energy_cost": 100,
        "energy_increment": -1,
        "final_energy_cost": 80,
        "difficulty": 1,
        "max_level": 20,
        "min_damage": 100,
        "max_damage": 100,
        "damage_type": "pure",
        "min_range": 30,
        "max_range": 30
    },

    {
        "id": "PSY_magi_spell_morph_glowy_totem",
        "type": "SPELL",
        "name": "Totem Polymorph:Spotting",
        "description": "Polymorph target blind totem into spotting totem that spots and illuminates all enemies within 30 tiles.",
        "valid_targets": [ "ally" ],
        "flags": [ "NO_LEGS", "NO_PROJECTILE","FRIENDLY_POLY" ],
        "effect": "targeted_polymorph",
        "effect_str": "PSY_magi_mon_glowy_totem",
        "shape": "blast",
        "spell_class": "NONE",
        "energy_source": "MANA",
        "base_casting_time": 20,
        "final_casting_time": 20,
        "base_energy_cost": 50,
        "energy_increment": -1,
        "final_energy_cost": 30,
        "difficulty": 1,
        "max_level": 20,
        "min_damage": 150,
        "max_damage": 150,
        "damage_type": "pure",
        "min_range": 30,
        "max_range": 30
    },

    {
        "id": "PSY_magi_spell_morph_Strengthening_totem",
        "type": "SPELL",
        "name": "Totem Polymorph",
        "description": "Polymorph target mindcontrol totem into Strengthening totem that buffs all status to all friends units within 30 tiles.",
        "valid_targets": [ "ally" ],
        "flags": [ "NO_LEGS", "NO_PROJECTILE","FRIENDLY_POLY" ],
        "effect": "targeted_polymorph",
        "effect_str": "PSY_magi_mon_Strengthening_totem",
        "shape": "blast",
        "spell_class": "NONE",
        "energy_source": "MANA",
        "base_casting_time": 20,
        "final_casting_time": 20,
        "base_energy_cost": 100,
        "energy_increment": -1,
        "final_energy_cost": 80,
        "difficulty": 1,
        "max_level": 20,
        "min_damage": 200,
        "max_damage": 200,
        "damage_type": "pure",
        "min_range": 30,
        "max_range": 30
    },


    {
        "id": "PSY_magi_spell_morph_Plague_rat_totem",
        "type": "SPELL",
        "name": "Totem Polymorph:Plague rat",
        "description": "Polymorph target totem into stun totem that stun nearby enemies(max range:8 tiles).",
        "valid_targets": [ "ally" ],
        "flags": [ "NO_LEGS", "NO_PROJECTILE","FRIENDLY_POLY" ],
        "effect": "targeted_polymorph",
        "effect_str": "PSY_magi_mon_plague_rat_totem",
        "shape": "blast",
        "spell_class": "NONE",
        "energy_source": "MANA",
        "base_casting_time": 20,
        "final_casting_time": 20,
        "base_energy_cost": 50,
        "energy_increment": -1,
        "final_energy_cost": 30,
        "difficulty": 1,
        "max_level": 20,
        "min_damage": 250,
        "max_damage": 250,
        "damage_increment": 10,
        "damage_type": "pure",
        "min_range": 30,
        "max_range": 30
    },

    {
        "id": "PSY_magi_acid_rain",
        "type": "SPELL",
        "name": "Acid rain",
        "description": "Acid rain.",
        "valid_targets": ["hostile" , "ground", "ally"],
        "effect": "none",
        "shape": "blast",
        "spell_class": "NONE",
        "energy_source": "MANA",
        "flags": [ "WONDER","NO_LEGS", "CONCENTRATE", "SOMATIC","IGNORE_WALLS" ],
        "min_damage": 6,
        "max_damage": 10,
        "damage_increment": 0.2,
        "field_id": "fd_acid",
        "field_chance": 30,
        "min_field_intensity": 2,
        "max_field_intensity": 2,
        "field_intensity_variance": 1.0,
        "min_aoe": 8,
        "max_aoe": 10,
        "aoe_increment": 0.1,
        "min_range": 14,
        "max_range": 22,
        "range_increment": 0.4,
        "max_level": 20,
        "difficulty": 4,
        "base_casting_time": 200,
        "base_energy_cost": 220,
        "energy_increment": -5,
        "final_energy_cost": 170,
        "extra_effects": [
          { "id": "PSY_magi_acid_rain_sub" }
        ]
    },

    {
        "id": "PSY_magi_acid_rain_sub",
        "type": "SPELL",
        "name": "Acid rain",
        "description": "Acid rain.",
        "valid_targets": ["hostile" , "ground", "ally"],
        "effect": "attack",
        "shape": "blast",
        "spell_class": "NONE",
        "energy_source": "MANA",
        "flags": [ "NO_LEGS","IGNORE_WALLS","RANDOM_TARGET" ],
        "min_damage": 10,
        "max_damage": 20,
        "damage_increment": 0.5,
        "field_id": "fd_acid",
        "field_chance": 10,
        "min_field_intensity": 2,
        "max_field_intensity": 2,
        "field_intensity_variance": 1.0,
        "min_aoe": 2,
        "max_aoe": 2,
        "min_range": 5,
        "max_range": 6,
        "range_increment": 0.1,
        "max_level": 20,
        "difficulty": 4,
        "base_casting_time": 200,
        "base_energy_cost": 220,
        "energy_increment": -5,
        "final_energy_cost": 170,
        "damage_type": "biological",
        "extra_effects": [
          { "id": "PSY_magi_acid_rain_sub2" },
          { "id": "PSY_magi_acid_rain_sub2" },
          { "id": "PSY_magi_acid_rain_sub2" }
        ]
    },

    {
        "id": "PSY_magi_acid_rain_sub2",
        "type": "SPELL",
        "name": "Acid rain",
        "description": "Acid rain.",
        "valid_targets": ["hostile" , "ground", "ally"],
        "effect": "attack",
        "shape": "blast",
        "spell_class": "NONE",
        "energy_source": "MANA",
        "flags": [ "NO_LEGS","IGNORE_WALLS","RANDOM_TARGET" ],
        "min_damage": 10,
        "max_damage": 20,
        "damage_increment": 0.5,
        "field_id": "fd_acid",
        "field_chance": 5,
        "min_field_intensity": 2,
        "max_field_intensity": 2,
        "field_intensity_variance": 1.0,
        "min_aoe": 1,
        "max_aoe": 1,
        "min_range": 6,
        "max_range": 7,
        "range_increment": 0.1,
        "max_level": 20,
        "difficulty": 4,
        "base_casting_time": 200,
        "base_energy_cost": 220,
        "energy_increment": -5,
        "final_energy_cost": 170,
        "damage_type": "biological"
    }

]