[

      {
        "id": "PSY_magi_necrotic_calamity",
        "type": "SPELL",
        "name": "Necrotic Calamity",
        "description": "You sacrifice your own blood to amplify necrotic power into your fingertips, damaging the target you point at.\n Summon Skeleton snake for 10 minutes at target location if target is killed by this spell.",
        "valid_targets": [ "hostile" ],
        "effect": "attack",
        "shape": "blast",
        "spell_class": "NONE",
        "energy_source": "HP",
        "flags": [ "NO_LEGS", "CONCENTRATE", "SOMATIC" ],
        "min_damage": 50,
        "max_damage": 150,
        "damage_increment": 5.0,
        "min_range": 8,
        "max_range": 12,
        "range_increment": 0.2,
        "max_level": 20,
        "difficulty": 5,
        "base_casting_time": 200,
        "base_energy_cost": 12,
        "damage_type": "biological",
        "extra_effects": [
          { "id": "PSY_magi_necrotic_calamity_sub" }
        ]
      },

      {
        "type": "SPELL",
        "id": "PSY_magi_necrotic_calamity_sub",
        "name": "Summon skeleton snake",
        "description": "Summons skeleton snake.",
        "flags": [ "SILENT", "NO_PROJECTILE","IGNORE_WALLS" ],
        "valid_targets": [ "ground" ],
        "base_casting_time": 10,
        "min_range": 25,
        "max_range": 25,
        "min_damage": 1,
        "max_damage": 1,
        "min_duration": 60000,
        "max_duration": 60000,
        "message": "You summon skeleton snake from corpse!",
        "shape": "blast",
        "effect": "summon",
        "effect_str": "PSY_magi_mon_skeleton_snake"
      },

      {
        "id": "PSY_magi_grave_fall",
        "type": "SPELL",
        "name": "Grave Fall",
        "description": "instantly kill enemy under the 300 HP, then bury it with grave.",
        "valid_targets": [ "hostile" ],
        "flags": [ "VERBAL", "SOMATIC", "NO_LEGS", "NO_PROJECTILE","FRIENDLY_POLY" ],
        "effect": "targeted_polymorph",
        "effect_str": "PSY_magi_mon_skeleton_grave",
        "shape": "blast",
        "spell_class": "NONE",
        "energy_source": "MANA",
        "base_casting_time": 350,
        "casting_time_increment": -5.0,
        "final_casting_time": 250,
        "base_energy_cost": 1550,
        "energy_increment": -20,
        "final_energy_cost": 1150,
        "difficulty": 6,
        "max_level": 20,
        "min_damage": 300,
        "max_damage": 300,
        "damage_type": "pure",
        "min_range": 10,
        "max_range": 20,
        "range_increment": 0.5
    },

      {
        "id": "PSY_magi_summon_skeleton_grave",
        "type": "SPELL",
        "name": "Summon a skeleton grave ",
        "description": "Summon a grave that raises lesser skeletons from underground every 8 seconds.",
        "valid_targets": [ "ground" ],
        "min_damage": 1,
        "max_damage": 1,
        "max_level": 20,
        "difficulty": 5,
        "spell_class": "NONE",
        "effect": "summon",
        "effect_str": "PSY_magi_mon_skeleton_grave",
        "shape": "blast",
        "energy_source": "MANA",
        "base_energy_cost": 800,
        "energy_increment": -15.0,
        "final_energy_cost": 500,
        "base_casting_time": 500,
        "casting_time_increment": -5.0,
        "final_casting_time": 400,
        "min_range": 7,
        "max_range": 12,
        "range_increment": 0.25,
        "flags": [ "PERMANENT","SOMATIC", "NO_LEGS","NO_PROJECTILE","SILENT", "NO_HANDS" ],
        "min_duration": 1,
        "max_duration": 1
      },

      {
        "id": "PSY_magi_spawn_resurrect_orb",
        "type": "SPELL",
        "name": "Fallen Resurrection ",
        "description": "Summon many orbs that resurrect non destroyed revive-able creatures.  it soon after being resurrected are weak, but these creatures don't disappear with time.",
        "valid_targets": [ "ground" ],
        "min_damage": 5,
        "max_damage": 15,
        "damage_increment": 0.5,
        "max_level": 20,
        "difficulty": 7,
        "spell_class": "NONE",
        "effect": "summon",
        "effect_str": "PSY_magi_mon_resurrect_wisp",
        "shape": "blast",
        "energy_source": "MANA",
        "base_energy_cost": 1100,
        "energy_increment": -15.0,
        "final_energy_cost": 800,
        "base_casting_time": 3000,
        "casting_time_increment": -25.0,
        "final_casting_time": 2500,
        "min_range": 5,
        "max_range": 20,
        "range_increment": 0.75,
        "min_aoe": 4,
        "max_aoe": 8,
        "aoe_increment": 0.2,
        "flags": [ "SOMATIC", "NO_LEGS","NO_PROJECTILE","SILENT", "NO_HANDS" ],
        "min_duration": 500,
        "max_duration": 1000,
        "duration_increment": 50
      },

      {
        "id": "PSY_magi_summon_flying_skul",
        "type": "SPELL",
        "name": "Summon a flying skul ",
        "description": "Summon a flying skul that deals cold damage to enemies while keeping a certain distance .",
        "valid_targets": [ "ground" ],
        "min_damage": 1,
        "max_damage": 1,
        "max_level": 20,
        "difficulty": 6,
        "spell_class": "NONE",
        "effect": "summon",
        "effect_str": "PSY_magi_mon_flying_skul",
        "shape": "blast",
        "energy_source": "MANA",
        "base_energy_cost": 800,
        "energy_increment": -10.0,
        "final_energy_cost": 600,
        "base_casting_time": 1200,
        "casting_time_increment": -10.0,
        "final_casting_time": 1000,
        "min_range": 8,
        "max_range": 13,
        "range_increment": 0.25,
        "flags": [ "SOMATIC", "NO_LEGS","NO_PROJECTILE","SILENT", "NO_HANDS" ],
        "min_duration": 30000,
        "max_duration": 60000,
        "duration_increment": 1500
      },

      {
        "id": "PSY_magi_Thunder_snake_base",
        "type": "SPELL",
        "name": "Thunder Snake",
        "description": "Summon a thunder snake that jumps from enemy to enemy in the target area and dealing damage to them.",
        "valid_targets": ["hostile" , "ground"],
        "effect": "attack",
        "shape": "blast",
        "spell_class": "NONE",
        "energy_source": "MANA",
        "flags": [ "NO_LEGS", "CONCENTRATE", "SOMATIC","NO_PROJECTILE" ],
        "min_damage": 10,
        "max_damage": 20,
        "damage_increment": 0.5,
        "min_aoe": 6,
        "max_aoe": 8,
        "aoe_increment": 0.1,
        "min_range": 12,
        "max_range": 20,
        "range_increment": 0.4,
        "max_level": 20,
        "difficulty": 5,
        "base_casting_time": 200,
        "base_energy_cost": 320,
        "energy_increment": -5,
        "final_energy_cost": 220,
        "damage_type": "electric",
        "extra_effects": [
          { "id": "PSY_magi_Thunder_snake_line" },
          { "id": "PSY_magi_Thunder_snake_1" },
          { "id": "PSY_magi_Thunder_snake_1" },
          { "id": "PSY_magi_Thunder_snake_1" }
        ]
      },

      {
        "id": "PSY_magi_Thunder_snake_line",
        "type": "SPELL",
        "name": "Thunder Snake1",
        "description": "Thunder snake.",
        "valid_targets": [  "hostile", "ground","ally"],
        "effect": "attack",
        "shape": "line",
        "spell_class": "NONE",
        "energy_source": "MANA",
        "flags": [ "NO_LEGS", "CONCENTRATE", "SOMATIC","NO_PROJECTILE" ],
        "min_damage": 3,
        "max_damage": 8,
        "damage_increment": 0.5,
        "min_range": 20,
        "max_range": 20,
        "max_level": 20,
        "difficulty": 5,
        "field_id": "fd_electricity",
        "min_field_intensity": 1,
        "max_field_intensity": 1,
        "base_casting_time": 200,
        "base_energy_cost": 320,
        "energy_increment": -5,
        "final_energy_cost": 220,
        "damage_type": "electric"
      },

      {
        "id": "PSY_magi_Thunder_snake_1",
        "type": "SPELL",
        "name": "Thunder Snake1",
        "description": "Thunder snake.",
        "valid_targets": ["hostile"],
        "effect": "attack",
        "shape": "line",
        "spell_class": "NONE",
        "energy_source": "MANA",
        "flags": [ "NO_LEGS", "CONCENTRATE", "SOMATIC","RANDOM_TARGET","NO_PROJECTILE" ],
        "min_damage": 3,
        "max_damage": 8,
        "damage_increment": 0.5,
        "min_range": 6,
        "max_range": 8,
        "range_increment": 0.1,
        "max_level": 20,
        "difficulty": 5,
        "field_id": "fd_electricity",
        "min_field_intensity": 1,
        "max_field_intensity": 1,
        "base_casting_time": 200,
        "base_energy_cost": 320,
        "energy_increment": -5,
        "final_energy_cost": 220,
        "damage_type": "electric",
        "extra_effects": [
          { "id": "PSY_magi_Thunder_snake_2" }
        ]
      },

      {
        "id": "PSY_magi_Thunder_snake_2",
        "type": "SPELL",
        "name": "Thunder Snake1",
        "description": "Thunder snake.",
        "valid_targets": ["hostile"],
        "effect": "attack",
        "shape": "cone",
        "spell_class": "NONE",
        "energy_source": "MANA",
        "flags": [ "NO_LEGS", "CONCENTRATE", "SOMATIC","RANDOM_TARGET","NO_PROJECTILE" ],
        "min_damage": 3,
        "max_damage": 8,
        "damage_increment": 0.5,
        "min_range": 5,
        "max_range": 7,
        "range_increment": 0.1,
        "min_aoe": 15,
        "max_aoe": 30,
        "aoe_increment": 1.0,
        "max_level": 20,
        "difficulty": 5,
        "field_id": "fd_electricity",
        "min_field_intensity": 1,
        "max_field_intensity": 1,
        "base_casting_time": 200,
        "base_energy_cost": 320,
        "energy_increment": -5,
        "final_energy_cost": 220,
        "damage_type": "electric",
        "extra_effects": [
          { "id": "PSY_magi_Thunder_snake_3" }
        ]
      },

      {
        "id": "PSY_magi_Thunder_snake_3",
        "type": "SPELL",
        "name": "Thunder Snake1",
        "description": "Thunder snake.",
        "valid_targets": [ "hostile" ],
        "effect": "attack",
        "shape": "line",
        "spell_class": "NONE",
        "energy_source": "MANA",
        "flags": [ "NO_LEGS", "CONCENTRATE", "SOMATIC","RANDOM_TARGET","NO_PROJECTILE" ],
        "min_damage": 3,
        "max_damage": 8,
        "damage_increment": 0.5,
        "min_range": 5,
        "max_range": 7,
        "range_increment": 0.1,
        "max_level": 20,
        "difficulty": 5,
        "field_id": "fd_electricity",
        "min_field_intensity": 1,
        "max_field_intensity": 1,
        "base_casting_time": 200,
        "base_energy_cost": 320,
        "energy_increment": -5,
        "final_energy_cost": 220,
        "damage_type": "electric",
        "extra_effects": [
          { "id": "PSY_magi_Thunder_snake_4" }
        ]
      },

      {
        "id": "PSY_magi_Thunder_snake_4",
        "type": "SPELL",
        "name": "Thunder Snake1",
        "description": "Thunder snake.",
        "valid_targets": [  "hostile"],
        "effect": "attack",
        "shape": "cone",
        "spell_class": "NONE",
        "energy_source": "MANA",
        "flags": [ "NO_LEGS", "CONCENTRATE", "SOMATIC","RANDOM_TARGET","NO_PROJECTILE" ],
        "min_damage": 3,
        "max_damage": 8,
        "damage_increment": 0.5,
        "min_range": 5,
        "max_range": 7,
        "range_increment": 0.1,
        "min_aoe": 30,
        "max_aoe": 50,
        "aoe_increment": 1.0,
        "max_level": 20,
        "difficulty": 5,
        "field_id": "fd_electricity",
        "min_field_intensity": 1,
        "max_field_intensity": 1,
        "base_casting_time": 200,
        "base_energy_cost": 320,
        "energy_increment": -5,
        "final_energy_cost": 220,
        "damage_type": "electric",
        "extra_effects": [
          { "id": "PSY_magi_Thunder_snake_5" }
        ]
      },

      {
        "id": "PSY_magi_Thunder_snake_5",
        "type": "SPELL",
        "name": "Thunder Snake1",
        "description": "Thunder snake.",
        "valid_targets": [  "hostile"],
        "effect": "attack",
        "shape": "line",
        "spell_class": "NONE",
        "energy_source": "MANA",
        "flags": [ "NO_LEGS", "CONCENTRATE", "SOMATIC","RANDOM_TARGET","NO_PROJECTILE" ],
        "min_damage": 3,
        "max_damage": 8,
        "damage_increment": 0.5,
        "min_range": 4,
        "max_range": 6,
        "range_increment": 0.1,
        "max_level": 20,
        "difficulty": 5,
        "field_id": "fd_electricity",
        "min_field_intensity": 1,
        "max_field_intensity": 1,
        "base_casting_time": 200,
        "base_energy_cost": 320,
        "energy_increment": -5,
        "final_energy_cost": 220,
        "damage_type": "electric",
        "extra_effects": [
          { "id": "PSY_magi_Thunder_snake_6" }
        ]
      },

      {
        "id": "PSY_magi_Thunder_snake_6",
        "type": "SPELL",
        "name": "Thunder Snake1",
        "description": "Thunder snake.",
        "valid_targets": [  "hostile"],
        "effect": "attack",
        "shape": "cone",
        "spell_class": "NONE",
        "energy_source": "MANA",
        "flags": [ "NO_LEGS", "CONCENTRATE", "SOMATIC","RANDOM_TARGET","NO_PROJECTILE" ],
        "min_damage": 3,
        "max_damage": 8,
        "damage_increment": 0.5,
        "min_range": 3,
        "max_range": 5,
        "range_increment": 0.1,
        "min_aoe": 60,
        "max_aoe": 70,
        "aoe_increment": 1.0,
        "max_level": 20,
        "difficulty": 5,
        "field_id": "fd_electricity",
        "min_field_intensity": 1,
        "max_field_intensity": 1,
        "base_casting_time": 200,
        "base_energy_cost": 320,
        "energy_increment": -5,
        "final_energy_cost": 220,
        "damage_type": "electric",
        "extra_effects": [
          { "id": "PSY_magi_Thunder_snake_7" }
        ]
      },

      {
        "id": "PSY_magi_Thunder_snake_7",
        "type": "SPELL",
        "name": "Thunder Snake1",
        "description": "Thunder snake.",
        "valid_targets": [  "hostile"],
        "effect": "attack",
        "shape": "line",
        "spell_class": "NONE",
        "energy_source": "MANA",
        "flags": [ "NO_LEGS", "CONCENTRATE", "SOMATIC","RANDOM_TARGET","NO_PROJECTILE" ],
        "min_damage": 3,
        "max_damage": 8,
        "damage_increment": 0.5,
        "min_range": 2,
        "max_range": 4,
        "range_increment": 0.1,
        "max_level": 20,
        "difficulty": 5,
        "field_id": "fd_electricity",
        "min_field_intensity": 1,
        "max_field_intensity": 1,
        "base_casting_time": 200,
        "base_energy_cost": 320,
        "energy_increment": -5,
        "final_energy_cost": 220,
        "damage_type": "electric",
        "extra_effects": [
          { "id": "PSY_magi_Thunder_snake_8" }
        ]
      },

      {
        "id": "PSY_magi_Thunder_snake_8",
        "type": "SPELL",
        "name": "Thunder Snake1",
        "description": "Thunder snake.",
        "valid_targets": [  "hostile"],
        "effect": "attack",
        "shape": "cone",
        "spell_class": "NONE",
        "energy_source": "MANA",
        "flags": [ "NO_LEGS", "CONCENTRATE", "SOMATIC","RANDOM_TARGET","NO_PROJECTILE" ],
        "min_damage": 3,
        "max_damage": 8,
        "damage_increment": 0.5,
        "min_range": 1,
        "max_range": 3,
        "range_increment": 0.1,
        "min_aoe": 90,
        "max_aoe": 110,
        "aoe_increment": 1.0,
        "max_level": 20,
        "difficulty": 5,
        "field_id": "fd_electricity",
        "min_field_intensity": 1,
        "max_field_intensity": 1,
        "base_casting_time": 200,
        "base_energy_cost": 320,
        "energy_increment": -5,
        "final_energy_cost": 220,
        "damage_type": "electric"
      },

      {
        "id": "PSY_magi_spawn_pushing_orb",
        "type": "SPELL",
        "name": "Cause a tornado ",
        "description": "Summon a tornado that push nearest enemy far away.",
        "valid_targets": [ "ground" ],
        "min_damage": 1,
        "max_damage": 1,
        "max_level": 20,
        "difficulty": 2,
        "spell_class": "NONE",
        "effect": "summon",
        "effect_str": "PSY_magi_mon_push_orb",
        "shape": "blast",
        "energy_source": "MANA",
        "base_energy_cost": 250,
        "energy_increment": -2.5,
        "final_energy_cost": 200,
        "base_casting_time": 200,
        "casting_time_increment": -2.5,
        "final_casting_time": 150,
        "min_range": 5,
        "max_range": 10,
        "range_increment": 0.25,
        "flags": [ "SOMATIC", "NO_LEGS","NO_PROJECTILE","SILENT", "NO_HANDS" ],
        "min_duration": 500,
        "max_duration": 1500,
        "duration_increment": 50
    },

    {
        "id": "PSY_magi_call_black_hole",
        "type": "SPELL",
        "name": "Summon the black hole ",
        "description": "Cause space-time distortion to target location and summon a black hole that swallows everything.",
        "valid_targets": [ "ground" ],
        "min_damage": 1,
        "max_damage": 1,
        "max_level": 20,
        "difficulty": 8,
        "spell_class": "NONE",
        "effect": "summon",
        "effect_str": "PSY_magi_mon_black_hole",
        "shape": "blast",
        "energy_source": "MANA",
        "base_energy_cost": 1650,
        "energy_increment": -20.0,
        "final_energy_cost": 1250,
        "base_casting_time": 1200,
        "casting_time_increment": -10.0,
        "final_casting_time": 1000,
        "min_range": 21,
        "max_range": 31,
        "range_increment": 1.0,
        "flags": [ "SOMATIC", "NO_LEGS","NO_PROJECTILE","SILENT", "NO_HANDS","HOSTILE_SUMMON" ],
        "min_duration": 6000,
        "max_duration": 6000
      },

      {
        "id": "PSY_magi_call_lightning_tornado",
        "type": "SPELL",
        "name": "Call a lighting tornado ",
        "description": "Call a lightning tornado at target location.\n Move while shooting many lightning toward enemies and swallow nearby objects.",
        "valid_targets": [ "ground" ],
        "min_damage": 1,
        "max_damage": 1,
        "max_level": 20,
        "difficulty": 9,
        "spell_class": "NONE",
        "effect": "summon",
        "effect_str": "PSY_magi_mon_lightning_tornado",
        "shape": "blast",
        "energy_source": "MANA",
        "base_energy_cost": 1850,
        "energy_increment": -20.0,
        "final_energy_cost": 1450,
        "base_casting_time": 3000,
        "casting_time_increment": -50.0,
        "final_casting_time": 2000,
        "min_range": 20,
        "max_range": 30,
        "range_increment": 1.0,
        "flags": [ "SOMATIC", "NO_LEGS","NO_PROJECTILE","SILENT", "NO_HANDS" ],
        "min_duration": 5000,
        "max_duration": 8000,
        "duration_increment": 150
      },

      {
        "id": "PSY_magi_open_summon_gate",
        "type": "SPELL",
        "name": "Create Summon Gate",
        "description": "Create summon gate at target location.\n it lasts about 3 minutes and Many monsters will come out from it until the gate closes.",
        "valid_targets": [ "ground"],
        "flags": [ "CONCENTRATE", "SILENT", "SOMATIC","NO_PROJECTILE","IGNORE_WALLS","LOUD" ],
        "effect": "attack",
        "shape": "blast",
        "spell_class": "NONE",
        "energy_source": "MANA",
        "difficulty": 10,
        "base_casting_time": 5200,
        "casting_time_increment": -30.0,
        "final_casting_time": 4600,
        "base_energy_cost": 1500,
        "energy_increment": -25,
        "final_energy_cost": 1000,
        "field_id": "fd_PSY_magi_summon_gate",
        "min_field_intensity": 3,
        "max_field_intensity": 3,
        "min_damage": 200,
        "max_damage": 200,
        "max_level": 20,
        "min_range": 20,
        "max_range": 40,
        "range_increment": 1.0
      },

      {
        "id": "PSY_magi_spell_Create_Sanctuary",
        "type": "SPELL",
        "name": "Create Sanctuary",
        "description": "Create a sanctuary that lasts about 2 minutes at the target tile.\n while you are on it, gain greatly status buffs, recover some stamina every seconds and immune from dazed and stunned.",
        "valid_targets": [ "self","hostile", "ally" ,"ground"],
        "flags": [ "CONCENTRATE", "SOMATIC","NO_PROJECTILE","LOUD","NO_LEGS" ],
        "effect": "attack",
        "shape": "blast",
        "spell_class": "NONE",
        "energy_source": "MANA",
        "difficulty": 7,
        "max_level": 20,
        "base_casting_time": 800,
        "casting_time_increment": -15.0,
        "final_casting_time": 500,
        "base_energy_cost": 350,
        "energy_increment": -5.0,
        "final_energy_cost": 250,
        "field_id": "fd_PSY_magi_Sanctuary",
        "min_field_intensity": 1,
        "max_field_intensity": 1,
        "min_range": 3,
        "max_range": 6,
        "range_increment": 0.25
      }

]