[

    {
        "type": "SPELL",
        "id": "PSY_magi_mindcontrol",
        "name": "Mental cracking",
        "description": "Control an enemy under 180 MAX HP and change to our side for short of period.",
        "valid_targets": [ "hostile" ],
        "effect": "charm_monster",
        "message": "",
        "min_damage": 180,
        "max_damage": 180,
        "max_level": 30,
        "difficulty": 7,
        "base_casting_time": 800,
        "casting_time_increment": -20.0,
        "final_casting_time": 300,
        "shape": "blast",
        "energy_source": "MANA",
        "base_energy_cost": 700,
        "energy_increment": -10,
        "final_energy_cost": 400,
        "min_range": 6,
        "max_range": 21,
        "range_increment": 0.50,
        "min_duration": 60000,
        "max_duration": 300000,
        "duration_increment": 20000,
        "flags": [ "SOMATIC", "VERBAL", "SILENT", "NO_LEGS", "NO_HANDS","NO_PROJECTILE" ]
    },

    {
        "id": "PSY_magi_spell_mass_mindcontrol",
        "type": "SPELL",
        "name": "Mass Mindcontrol",
        "description": "This aoe spell Control enemies under the 100 MAXHP and force to fight for our side.",
        "valid_targets": [ "ground","hostile" ],
        "flags": [ "SILENT", "VERBAL", "SOMATIC", "NO_PROJECTILE", "NO_LEGS" ],
        "effect": "charm_monster",
        "message": "",
        "shape": "blast",
        "spell_class": "NONE",
        "energy_source": "MANA",
        "difficulty": 9,
        "base_casting_time": 1200,
        "casting_time_increment": -20.0,
        "final_casting_time": 600,
        "base_energy_cost": 1000,
        "energy_increment": -10,
        "final_energy_cost": 700,
        "min_damage": 80,
        "max_damage": 80,
        "max_level": 30,
        "min_range": 8,
        "max_range": 23,
        "min_aoe": 4,
        "max_aoe": 12,
        "aoe_increment": 0.4,
        "range_increment": 0.5,
        "min_duration": 6000,
        "max_duration": 18000,
        "duration_increment": 900
    },

    {
        "id": "PSY_magi_spell_vacuum",
        "type": "SPELL",
        "name": "Vacuum Collect ",
        "description": "Distort space-time for a moment and collect surrounding items in the target area.\n This effects ignore walls",
        "valid_targets": ["ground"],
        "flags": [ "WONDER","NO_PROJECTILE","NO_LEGS","IGNORE_WALLS" ],
        "effect": "none",
        "shape": "blast",
        "max_level": 20,
        "spell_class": "NONE",
        "energy_source": "MANA",
        "base_energy_cost": 350,
        "energy_increment": -5.0,
        "final_energy_cost": 250,
        "min_damage": 30,
        "max_damage": 60,
        "damage_increment": 0.5,
        "min_range": 1,
        "max_range": 1,
        "min_aoe": 7,
        "max_aoe": 15,
        "aoe_increment": 0.5,
        "base_casting_time": 200,
        "final_casting_time": 100,
        "casting_time_increment": -5.0,
        "extra_effects": [
          { "id": "PSY_magi_spell_vacuum_sub"}
        ]
    },

    {
        "id": "PSY_magi_spell_vacuum_sub",
        "type": "SPELL",
        "name": "Vacuum sub",
        "description": "Distort space-time for a moment and collect surrounding items in the target tile.\n This effects ignore walls",
        "valid_targets": ["item","ground"],
        "flags": [ "NO_PROJECTILE","NO_LEGS","IGNORE_WALLS" ],
        "effect": "area_pull",
        "shape": "blast",
        "spell_class": "NONE",
        "max_level": 20,
        "min_range": 1,
        "max_range": 1,
        "min_aoe": 7,
        "max_aoe": 15,
        "aoe_increment": 0.5,
        "base_casting_time": 100
    },

    {
        "id": "PSY_magi_spell_search_field",
        "type": "SPELL",
        "name": "Search Field",
        "description": "Distort the magnetic field and collect all object at the target point.",
        "valid_targets": ["hostile", "ground"],
        "flags": [ "WONDER","NO_PROJECTILE","NO_LEGS" ,"IGNORE_WALLS"],
        "shape": "blast",
        "effect": "none",
        "energy_source": "MANA",
        "max_level": 20,
        "base_energy_cost": 180,
        "energy_increment": -2.5,
        "final_energy_cost": 130,
        "min_damage": 1,
        "max_damage": 1,
        "min_range": 15,
        "max_range": 25,
        "range_increment": 0.5,
        "min_aoe": 15,
        "max_aoe": 15,
        "base_casting_time": 400,
        "final_casting_time": 150,
        "casting_time_increment": -7.5,
        "extra_effects": [
          { "id": "PSY_magi_spell_search_field_sub"}
        ]
    },

    {
        "id": "PSY_magi_spell_search_field_sub",
        "type": "SPELL",
        "name": "Force Deaf",
        "description": "Force Deaf.",
        "valid_targets": ["hostile" , "ally"],
        "flags": [ "SILENT","NO_PROJECTILE","NO_LEGS","IGNORE_WALLS" ],
        "effect": "attack",
        "shape": "blast",
        "spell_class": "NONE",
        "field_id": "fd_clairvoyant",
        "min_field_intensity": 1,
        "max_field_intensity": 1,
        "difficulty": 0,
        "base_casting_time": 80,
        "max_level": 0,
        "min_range": 35,
        "max_range": 35,
        "min_aoe": 15,
        "max_aoe": 15,
        "extra_effects": [
          { "id": "PSY_magi_spell_search_field_sub2"}
        ]
    },

    {
        "id": "PSY_magi_spell_search_field_sub2",
        "type": "SPELL",
        "name": "Force Deaf",
        "description": "Force Deaf.",
        "valid_targets": ["hostile" , "ally"],
        "flags": [ "SILENT","NO_PROJECTILE","NO_LEGS","IGNORE_WALLS" ],
        "effect": "attack",
        "shape": "blast",
        "spell_class": "NONE",
        "field_id": "fd_PSY_magi_spotlight",
        "min_field_intensity": 1,
        "max_field_intensity": 1,
        "difficulty": 0,
        "base_casting_time": 80,
        "max_level": 0,
        "min_range": 30,
        "max_range": 30,
        "min_aoe": 15,
        "max_aoe": 15
    },

    {
        "id": "PSY_magi_spell_magnetic_field",
        "type": "SPELL",
        "name": "Magnetic Field",
        "description": "Distort the magnetic field and collect all object at the target point.",
        "valid_targets": [ "self", "ally", "hostile", "ground", "item", "field" ],
        "flags": [ "NO_PROJECTILE","NO_LEGS" ],
        "effect": "area_pull",
        "shape": "blast",
        "spell_class": "NONE",
        "energy_source": "MANA",
        "max_level": 20,
        "base_energy_cost": 380,
        "energy_increment": -2.5,
        "final_energy_cost": 330,
        "min_range": 15,
        "max_range": 25,
        "range_increment": 0.5,
        "min_aoe": 10,
        "max_aoe": 10,
        "base_casting_time": 400,
        "final_casting_time": 150,
        "casting_time_increment": -7.5,
        "extra_effects": [
          { "id": "PSY_magi_spell_magnetic_field_sub"},
          { "id": "PSY_magi_spell_magnetic_field_sub"},
          { "id": "PSY_magi_spell_magnetic_field_sub"},
          { "id": "PSY_magi_spell_magnetic_field_sub"},
          { "id": "PSY_magi_spell_magnetic_field_sub"},
          { "id": "PSY_magi_spell_magnetic_field_sub"},
          { "id": "PSY_magi_spell_magnetic_field_sub"},
          { "id": "PSY_magi_spell_magnetic_field_sub"},
          { "id": "PSY_magi_spell_magnetic_field_sub"},
          { "id": "PSY_magi_spell_magnetic_field_sub"}
        ]
    },

    {
        "id": "PSY_magi_spell_magnetic_field_sub",
        "type": "SPELL",
        "name": "Magnetic Field",
        "description": "Distort the magnetic field and collect all object at the target point.",
        "valid_targets": [ "self", "ally", "hostile", "ground", "item", "field" ],
        "flags": [ "NO_PROJECTILE","NO_LEGS" ],
        "effect": "area_pull",
        "shape": "blast",
        "spell_class": "NONE",
        "min_range": 25,
        "max_range": 25,
        "min_aoe": 10,
        "max_aoe": 10,
        "base_casting_time": 100
    },

    {
        "id": "PSY_magi_short_swap_pos",
        "type": "SPELL",
        "name": "Phase trick",
        "description": "Swaps you and target positions in a short distance, \n  also slow target movement for a short of period.",
        "valid_targets": [ "hostile","ally" ],
        "flags": [ "LOUD","NO_PROJECTILE","SWAP_POS","NO_LEGS" ],
        "effect": "attack",
        "effect_str": "PSY_magi_slow",
        "shape": "blast",
        "spell_class": "NONE",
        "energy_source": "MANA",
        "difficulty": 3,
        "base_casting_time": 200,
        "casting_time_increment": -2.5,
        "final_casting_time": 150,
        "base_energy_cost": 220,
        "energy_increment": -2.5,
        "final_energy_cost": 170,
        "max_level": 20,
        "min_range": 5,
        "max_range": 10,
        "range_increment": 0.5,
        "min_duration": 600,
        "max_duration": 1200,
        "duration_increment": 30
      },

      {
        "id": "PSY_magi_long_swap_pos",
        "type": "SPELL",
        "name": "long Phase trick",
        "description": "Swaps you and target positions in a long distance,   also slow target movement for a short of period.     This spell requires a lot time for casting.",
        "valid_targets": [ "hostile","ally" ],
        "flags": [ "VERBAL", "SOMATIC","LOUD","NO_PROJECTILE","SWAP_POS","NO_LEGS" ],
        "effect": "attack",
        "effect_str": "PSY_magi_slow",
        "shape": "blast",
        "spell_class": "NONE",
        "energy_source": "MANA",
        "difficulty": 6,
        "base_casting_time": 4000,
        "casting_time_increment": -75.0,
        "final_casting_time": 2500,
        "base_energy_cost": 600,
        "energy_increment": -5.0,
        "final_energy_cost": 500,
        "max_level": 20,
        "min_range": 15,
        "max_range": 45,
        "range_increment": 1.5,
        "min_duration": 1800,
        "max_duration": 3600,
        "duration_increment": 90
      },

    {
        "id": "PSY_magi_spell_remove_telegrow",
        "type": "SPELL",
        "name": "Remove Tainted effect",
        "description": "Remove Tainted effect caused by flaming eye and immune for 1-3 hours.\n This spell also removes nausea symptoms.",
        "valid_targets": [ "self" ],
        "flags": [ "LOUD","NO_PROJECTILE","NO_LEGS", "NO_HANDS" ],
        "effect": "attack",
        "effect_str": "PSY_magi_remove_teleglow",
        "shape": "blast",
        "spell_class": "NONE",
        "energy_source": "MANA",
        "difficulty": 3,
        "base_casting_time": 500,
        "casting_time_increment": -5.0,
        "final_casting_time": 400,
        "base_energy_cost": 820,
        "energy_increment": -5.0,
        "final_energy_cost": 620,
        "max_level": 20,
        "min_duration":  360000,
        "max_duration": 1080000,
        "duration_increment": 36000,
        "extra_effects": [
          { "id": "PSY_magi_spell_remove_telegrow_sub" }
        ]
    },

    {
        "id": "PSY_magi_spell_remove_telegrow_sub",
        "type": "SPELL",
        "name": "Remove Nausea",
        "description": "Remove Nausea effect caused by flaming eye and immune for 1-3 hours.",
        "valid_targets": [ "self" ],
        "flags": [ "LOUD","NO_PROJECTILE","NO_LEGS", "NO_HANDS" ],
        "effect": "attack",
        "effect_str": "PSY_magi_remove_nausea",
        "shape": "blast",
        "spell_class": "NONE",
        "energy_source": "MANA",
        "difficulty": 3,
        "base_casting_time": 500,
        "casting_time_increment": -5.0,
        "final_casting_time": 400,
        "base_energy_cost": 320,
        "energy_increment": -2.5,
        "final_energy_cost": 270,
        "max_level": 20,
        "min_duration":  3600,
        "max_duration": 10800,
        "duration_increment": 360
    },

    {
        "id": "PSY_magi_spell_Speed_UP_line",
        "type": "SPELL",
        "name": "Create Accelerating fields",
        "description": "This spell creates magical field up to the target location, those fields greatly increase the movement those who step on .",
        "valid_targets": [ "hostile", "ally" ,"ground"],
        "flags": [ "CONCENTRATE", "SOMATIC","NO_PROJECTILE","LOUD","NO_LEGS" ],
        "effect": "attack",
        "shape": "line",
        "spell_class": "NONE",
        "energy_source": "MANA",
        "difficulty": 6,
        "max_level": 20,
        "base_casting_time": 400,
        "casting_time_increment": -5.0,
        "final_casting_time": 300,
        "base_energy_cost": 370,
        "energy_increment": -5.0,
        "final_energy_cost": 270,
        "field_id": "fd_PSY_magi_Accelerator_field",
        "min_field_intensity": 1,
        "max_field_intensity": 1,
        "min_aoe": 2,
        "max_aoe": 2,
        "min_range": 15,
        "max_range": 25,
        "range_increment": 1.0
    },

    {
        "id": "PSY_magi_emergency_call",
        "type": "SPELL",
        "name": "Emergency call",
        "description": "This spell for Emergency avoidance,     Summon 8 of wisps to distract enemies attension and gives you invisible aura for short period of time,   This aura also increases your movement speed by 100.",
        "valid_targets": [ "self" ],
        "flags": [ "SILENT", "NO_PROJECTILE", "NO_LEGS", "NO_HANDS" ],
        "effect": "attack",
        "effect_str": "PSY_magi_haste_invisibility",
        "shape": "blast",
        "spell_class": "NONE",
        "energy_source": "MANA",
        "difficulty": 5,
        "base_casting_time": 150,
        "casting_time_increment": -5.0,
        "final_casting_time": 50,
        "base_energy_cost": 500,
        "energy_increment": -5.0,
        "final_energy_cost": 400,
        "max_level": 20,
        "min_duration": 600,
        "max_duration": 1200,
        "duration_increment": 50,
        "extra_effects": [
          { "id": "PSY_magi_emergency_call_sub" },
          { "id": "PSY_magi_emergency_call_sub" },
          { "id": "PSY_magi_emergency_call_sub" },
          { "id": "PSY_magi_emergency_call_sub" }
        ]
    },

    {
        "type": "SPELL",
        "id": "PSY_magi_emergency_call_sub",
        "name": "Summon Wisps",
        "description": "Summons wisps.",
        "flags": [ "SILENT", "NO_PROJECTILE","RANDOM_DURATION" ],
        "valid_targets": [ "ground" ],
        "base_casting_time": 10,
        "min_damage": 2,
        "max_damage": 2,
        "min_aoe": 6,
        "max_aoe": 6,
        "min_duration": 600,
        "max_duration": 2500,
        "message": "You summons wisps!",
        "shape": "blast",
        "effect": "summon",
        "effect_str": "PSY_magi_mon_wisp"
    }

]