[



      {
        "id": "PSY_magi_spawn_blight_box",
        "type": "SPELL",
        "name": "Summon blight box ",
        "description": "Summon a box that emits weakly light continuously, this box doesn't attack anything nor is considered as your ally.",
        "valid_targets": [ "ground" ],
        "min_damage": 1,
        "max_damage": 1,
        "max_level": 20,
        "difficulty": 1,
        "spell_class": "NONE",
        "effect": "summon",
        "effect_str": "PSY_magi_mon_blight_box",
        "shape": "blast",
        "energy_source": "MANA",
        "base_energy_cost": 50,
        "energy_increment": -0.5,
        "final_energy_cost": 40,
        "base_casting_time": 50,
        "casting_time_increment": -0.5,
        "final_casting_time": 40,
        "min_range": 3,
        "max_range": 6,
        "range_increment": 0.25,
        "flags": [ "HOSTILE_SUMMON","SOMATIC", "NO_LEGS","NO_PROJECTILE", "NO_HANDS" ],
        "min_duration": 36000,
        "max_duration": 108000,
        "duration_increment": 3600
      },

      {
        "id": "PSY_magi_summon_guided_missile",
        "type": "SPELL",
        "name": "Fire a Guided missile ",
        "description": "Summon a Guided missile that lock on nearest enemy and  KaBooooooooom! .",
        "valid_targets": [ "ground" ],
        "min_damage": 1,
        "max_damage": 1,
        "max_level": 20,
        "difficulty": 2,
        "spell_class": "NONE",
        "effect": "summon",
        "effect_str": "PSY_magi_mon_Guided_missile",
        "shape": "blast",
        "energy_source": "MANA",
        "base_energy_cost": 250,
        "energy_increment": -2.5,
        "final_energy_cost": 200,
        "base_casting_time": 200,
        "casting_time_increment": -2.5,
        "final_casting_time": 150,
        "min_range": 1,
        "max_range": 1,
        "flags": [ "SOMATIC", "NO_LEGS","NO_PROJECTILE","SILENT", "NO_HANDS" ],
        "min_duration": 1500,
        "max_duration": 2500,
        "duration_increment": 50
      },

      {
        "id": "PSY_magi_summon_decoy_replacement",
        "type": "SPELL",
        "name": "Decoy replacement ",
        "description": "This spell for Emergency avoidance,   Summon a wooden decoy to target location and teleport you to random tile, then gives you invisible aura for short period of time,   This aura also increases your movement speed by 100.",
        "valid_targets": [ "ground" ],
        "min_damage": 1,
        "max_damage": 1,
        "max_level": 20,
        "difficulty": 2,
        "spell_class": "NONE",
        "effect": "summon",
        "effect_str": "PSY_magi_mon_decoy_wood",
        "shape": "blast",
        "energy_source": "MANA",
        "base_energy_cost": 650,
        "energy_increment": -7.5,
        "final_energy_cost": 500,
        "base_casting_time": 200,
        "casting_time_increment": -5.0,
        "final_casting_time": 100,
        "min_range": 3,
        "max_range": 3,
        "flags": [ "SOMATIC", "NO_LEGS","NO_PROJECTILE","SILENT", "NO_HANDS" ],
        "min_duration": 1500,
        "max_duration": 2500,
        "duration_increment": 50,
        "extra_effects": [
          { "id": "PSY_magi_summon_decoy_replacement_sub_escape", "hit_self": true },
          { "id": "PSY_magi_summon_decoy_replacement_sub", "hit_self": true }
        ]
      },

      {
        "id": "PSY_magi_summon_decoy_replacement_sub",
        "type": "SPELL",
        "name": "Decoy replacement",
        "description": "This spell for Emergency avoidance,     Summon a wooden decoy to your location and teleport you to random tile,then gives you invisible aura for short period of time,   This aura also increases your movement speed by 100.",
        "valid_targets": [ "self" ],
        "flags": [ "SILENT", "NO_PROJECTILE", "NO_LEGS", "NO_HANDS" ],
        "effect": "attack",
        "effect_str": "PSY_magi_haste_invisibility",
        "shape": "blast",
        "spell_class": "NONE",
        "energy_source": "MANA",
        "difficulty": 5,
        "base_casting_time": 150,
        "casting_time_increment": -5.0,
        "final_casting_time": 50,
        "base_energy_cost": 500,
        "energy_increment": -5.0,
        "final_energy_cost": 400,
        "min_range": 1,
        "max_range": 1,
        "max_level": 20,
        "min_duration": 600,
        "max_duration": 1200,
        "duration_increment": 50
      },

      {
        "id": "PSY_magi_summon_decoy_replacement_sub_escape",
        "type": "SPELL",
        "name": "Escape",
        "description": "Teleports you in a random direction a medium distance, to help escape your foes in dangerous situations.",
        "effect": "teleport_random",
        "shape": "blast",
        "valid_targets": [ "none" ],
        "flags": [ "SOMATIC", "SILENT", "NO_LEGS", "VERBAL" ],
        "min_aoe": 5,
        "max_aoe": 10,
        "aoe_increment": 0.25,
        "min_range": 15,
        "max_range": 20,
        "range_increment": 0.5,
        "max_level": 20,
        "difficulty": 5,
        "spell_class": "NONE",
        "base_casting_time": 100,
        "energy_source": "MANA",
        "base_energy_cost": 250
      },




      {
        "id": "PSY_magi_summon_animated_steel_utensil",
        "type": "SPELL",
        "components": "PSY_magi_spell_components_steel_utensil",
        "name": "Summon an Animated Utensil",
        "description": "Summon an animated utensil to target location using your blood and a steel utensil not suitable for combat.",
        "valid_targets": [ "ground" ],
        "min_damage": 1,
        "max_damage": 1,
        "max_level": 10,
        "difficulty": 2,
        "spell_class": "NONE",
        "effect": "summon",
        "effect_str": "GROUP_PSY_magi_STEEL_UTENSIL",
        "shape": "blast",
        "energy_source": "HP",
        "base_energy_cost": 3,
        "base_casting_time": 600,
        "casting_time_increment": -30.0,
        "final_casting_time": 300,
        "min_range": 3,
        "max_range": 9,
        "range_increment": 0.6,
        "flags": ["NO_LEGS","SILENT","SPAWN_GROUP"],
        "min_duration": 6000,
        "max_duration": 18000,
        "duration_increment": 1200,
        "learn_spells": { "PSY_magi_summon_animated_steel_utensilEX": 10 }
      },

      {
        "id": "PSY_magi_summon_animated_steel_utensilEX",
        "type": "SPELL",
        "components": "PSY_magi_spell_components_steel_utensil5",
        "name": "Summon 5 Animated Utensils EX",
        "description": "Summon 5 animated utensil to target locations using your blood and 5 steel utensil not suitable for combat.",
        "valid_targets": [ "ground" ],
        "min_damage": 5,
        "max_damage": 5,
        "max_level": 0,
        "difficulty": 5,
        "min_aoe": 5,
        "max_aoe": 5,
        "spell_class": "NONE",
        "effect": "summon",
        "effect_str": "GROUP_PSY_magi_STEEL_UTENSIL",
        "shape": "blast",
        "energy_source": "HP",
        "base_energy_cost": 15,
        "base_casting_time": 1800,
        "min_range": 9,
        "max_range": 9,
        "flags": ["NO_LEGS","SILENT","SPAWN_GROUP"],
        "min_duration": 12000,
        "max_duration": 12000
      }


]