[

    {
        "id": "PSY_magi_summon_magic_UFO",
        "type": "SPELL",
        "name": "Summon UFO",
        "description": "Are you ready to fly high? Magic UFO is waiting for your riding.\n Maneuvering skills are required to maneuver.",
        "valid_targets": [ "ground" ],
        "flags": [ "SOMATIC", "VERBAL", "CONCENTRATE" ],
        "effect": "summon_vehicle",
        "spell_class": "NONE",
        "energy_source": "MANA",
        "effect_str": "PSY_magi_Small_UFO",
        "shape": "blast",
        "difficulty": 8,
        "max_level": 20,
        "base_casting_time": 6000,
        "base_energy_cost": 3000,
        "min_range": 2,
        "max_range": 10,
        "range_increment": 1,
        "//": "40 minutes + 10 minutes / level; 4 hours at max level",
        "min_duration": 360000,
        "max_duration": 720000,
        "duration_increment": 18000
      },

      {
        "id": "PSY_magi_summon_deployed_turret",
        "type": "SPELL",
        "name": "Summon 5x5 box",
        "description": "IT'S THE BOX.",
        "valid_targets": [ "ground" ],
        "flags": [ "SOMATIC", "VERBAL" ],
        "effect": "summon_vehicle",
        "spell_class": "NONE",
        "energy_source": "MANA",
        "effect_str": "PSY_magi_deployed_turret",
        "shape": "blast",
        "difficulty": 4,
        "max_level": 20,
        "base_casting_time": 2000,
        "base_energy_cost": 600,
        "min_range": 12,
        "max_range": 16,
        "range_increment": 0.5,
        "//": "3 minutes",
        "min_duration": 18000,
        "max_duration": 18000,
        "extra_effects": [
          { "id": "PSY_magi_summon_deployed_turret_sub" }
        ]
      },

      {
        "id": "PSY_magi_summon_deployed_turret_sub",
        "type": "SPELL",
        "name": "Conjure a plant shooter ",
        "description": "Summon a plant that shoots seeds to nearest enemy.",
        "valid_targets": [ "ground" ],
        "min_damage": 1,
        "max_damage": 1,
        "max_level": 20,
        "difficulty": 4,
        "spell_class": "NONE",
        "effect": "summon",
        "effect_str": "PSY_magi_mon_ethereal_turret",
        "shape": "blast",
        "energy_source": "MANA",
        "base_energy_cost": 380,
        "base_casting_time": 400,
        "min_range": 16,
        "max_range": 16,
        "flags": [ "SOMATIC", "NO_LEGS","NO_PROJECTILE","SILENT", "NO_HANDS" ],
        "min_duration": 18000,
        "max_duration": 18000
      }

]