[

    {
        "id": "PSY_magi_meteor",
        "type": "SPELL",
        "name": "Meteor Strike",
        "description": "You hurl a pea-sized glowing orb that when reaches its target or an obstacle produces a pressure-less blast of searing heat.",
        "effect": "attack",
        "shape": "blast",
        "valid_targets": [ "self", "ally", "hostile", "ground" ],
        "flags": [ "SOMATIC", "VERBAL", "NO_LEGS", "IGNITE_FLAMMABLE","NO_PROJECTILE","IGNORE_WALLS","LOUD" ],
        "max_level": 20,
        "min_damage": 240,
        "max_damage": 600,
        "damage_increment": 18.0,
        "min_aoe": 15,
        "max_aoe": 20,
        "aoe_increment": 0.25,
        "min_range": 20,
        "max_range": 40,
        "range_increment": 1.0,
        "spell_class": "NONE",
        "base_casting_time": 5200,
        "casting_time_increment": -30.0,
        "final_casting_time": 4600,
        "base_energy_cost": 5500,
        "energy_increment": -25.0,
        "final_energy_cost": 5000,
        "field_id": "fd_fire",
        "min_field_intensity": 1,
        "max_field_intensity": 1,
        "energy_source": "MANA",
        "difficulty": 4,
        "damage_type": "heat",
        "extra_effects": [
          { "id": "PSY_magi_terrain_bashes_sub" },
          { "id": "PSY_magi_terrain_bashes_sub" },
          { "id": "PSY_magi_crash_earth_sub_first" },
          { "id": "PSY_magi_crash_earth_sub_second" },
          { "id": "PSY_magi_crash_earth_sub" }
        ]
      },

      {
        "id": "PSY_magi_terrain_bashes_sub",
        "type": "SPELL",
        "name": "Bash ground",
        "description": "Bashes the terrain at the target area and destroy fragile furnitures and plants.",
        "valid_targets": [ "ground" ],
        "flags": [ "SILENT", "VERBAL", "SOMATIC", "NO_PROJECTILE", "NO_LEGS","NO_PROJECTILE","IGNORE_WALLS" ],
        "effect": "bash",
        "shape": "blast",
        "spell_class": "NONE",
        "energy_source": "MANA",
        "difficulty": 6,
        "base_casting_time": 5200,
        "casting_time_increment": -30.0,
        "final_casting_time": 4600,
        "base_energy_cost": 400,
        "energy_increment": -5,
        "final_energy_cost": 300,
        "field_id": "fd_fire",
        "min_field_intensity": 1,
        "max_field_intensity": 1,
        "min_damage": 9999,
        "max_damage": 9999,
        "max_level": 20,
        "min_range": 20,
        "max_range": 40,
        "min_aoe": 15,
        "max_aoe": 20,
        "aoe_increment": 0.25,
        "range_increment": 0.5
      },

      {
        "id": "PSY_magi_crash_earth_sub",
        "type": "SPELL",
        "name": "Move Earth",
        "description": "Your essense flows around you, and the earth follows.",
        "valid_targets": [ "hostile", "ally", "ground", "self" ],
        "flags": [ "SOMATIC", "LOUD", "NO_PROJECTILE" ],
        "min_aoe": 15,
        "max_aoe": 20,
        "aoe_increment": 0.25,
        "base_energy_cost": 200,
        "spell_class": "NONE",
        "difficulty": 4,
        "max_level": 20,
        "base_casting_time": 100,
        "energy_source": "MANA",
        "shape": "blast",
        "effect": "ter_transform",
        "effect_str": "move_earth"
      },

      {
        "id": "PSY_magi_crash_earth_sub_second",
        "type": "SPELL",
        "name": "Move Earth",
        "description": "Your essense flows around you, and the earth follows.",
        "valid_targets": [ "hostile", "ally", "ground", "self" ],
        "flags": [ "SOMATIC", "LOUD", "NO_PROJECTILE" ],
        "min_aoe": 10,
        "max_aoe": 15,
        "aoe_increment": 0.20,
        "base_energy_cost": 200,
        "spell_class": "NONE",
        "difficulty": 4,
        "max_level": 20,
        "base_casting_time": 100,
        "energy_source": "MANA",
        "shape": "blast",
        "effect": "ter_transform",
        "effect_str": "move_earth"
      },

      {
        "id": "PSY_magi_crash_earth_sub_first",
        "type": "SPELL",
        "name": "Move Earth",
        "description": "Your essense flows around you, and the earth follows.",
        "valid_targets": [ "hostile", "ally", "ground", "self" ],
        "flags": [ "SOMATIC", "LOUD", "NO_PROJECTILE" ],
        "min_aoe": 5,
        "max_aoe": 7,
        "aoe_increment": 0.125,
        "base_energy_cost": 200,
        "spell_class": "NONE",
        "difficulty": 4,
        "max_level": 20,
        "base_casting_time": 100,
        "energy_source": "MANA",
        "shape": "blast",
        "effect": "ter_transform",
        "effect_str": "move_earth"
      },


      {
        "id": "PSY_magi_Tiamat_breath",
        "type": "SPELL",
        "name": "Tiamat breath",
        "description": "This spell generates a magnetic field around 3 of coins, before launching it at high speed,   This coins penetrate enemies.",
        "valid_targets": [ "hostile", "ally" ,"ground"],
        "flags": [ "CONCENTRATE", "SILENT", "SOMATIC","NO_PROJECTILE","IGNORE_WALLS","LOUD" ],
        "effect": "attack",
        "shape": "line",
        "spell_class": "NONE",
        "energy_source": "MANA",
        "difficulty": 12,
        "max_level": 10,
        "base_casting_time": 3700,
        "casting_time_increment": -35.0,
        "final_casting_time": 3000,
        "base_energy_cost": 7200,
        "energy_increment": -25.0,
        "final_energy_cost": 6800,
        "min_damage": 350,
        "max_damage": 700,
        "damage_increment": 17.5,
        "damage_type": "cold",
        "field_id": "fd_PSY_magi_tiamat_cold_mist",
        "min_field_intensity": 2,
        "max_field_intensity": 2,
        "min_range": 30,
        "max_range": 50,
        "range_increment": 1.0,
        "min_aoe": 6,
        "max_aoe": 8,
        "aoe_increment": 0.125,
        "extra_effects": [
            { "id": "PSY_magi_terrain_bashes_sub_line" },
            { "id": "PSY_magi_terrain_bashes_sub_line" },
            { "id": "PSY_magi_tiamat_create_water_sub" }
          ]
      },

      {
        "id": "PSY_magi_terrain_bashes_sub_line",
        "type": "SPELL",
        "name": "Bash ground",
        "description": "Bashes the terrain at the target area and destroy fragile furnitures and plants.",
        "valid_targets": [ "ground" ],
        "flags": [ "SILENT", "VERBAL", "SOMATIC", "NO_PROJECTILE", "NO_LEGS","NO_PROJECTILE","IGNORE_WALLS" ],
        "effect": "bash",
        "shape": "line",
        "spell_class": "NONE",
        "energy_source": "MANA",
        "difficulty": 6,
        "base_casting_time": 5200,
        "casting_time_increment": -30.0,
        "final_casting_time": 4600,
        "base_energy_cost": 400,
        "energy_increment": -5,
        "final_energy_cost": 300,
        "field_id": "fd_PSY_magi_tiamat_cold_mist",
        "min_field_intensity": 3,
        "max_field_intensity": 3,
        "min_damage": 2000,
        "max_damage": 2000,
        "max_level": 20,
        "min_range": 30,
        "max_range": 50,
        "range_increment": 1.0,
        "min_aoe": 6,
        "max_aoe": 8,
        "aoe_increment": 0.125
      },

      {
        "id": "PSY_magi_tiamat_create_water_sub",
        "type": "SPELL",
        "name": "Move Earth",
        "description": "Your essense flows around you, and the earth follows.",
        "valid_targets": [ "hostile", "ally", "ground", "self" ],
        "flags": [ "SOMATIC", "LOUD", "NO_PROJECTILE" ],
        "min_range": 30,
        "max_range": 50,
        "range_increment": 1.0,
        "min_aoe": 6,
        "max_aoe": 8,
        "aoe_increment": 0.125,
        "base_energy_cost": 200,
        "spell_class": "NONE",
        "difficulty": 4,
        "max_level": 20,
        "base_casting_time": 100,
        "energy_source": "MANA",
        "shape": "line",
        "effect": "ter_transform",
        "effect_str": "PSY_magi_after_water_form"
      },

      {
        "id": "PSY_magi_dead_end",
        "type": "SPELL",
        "name": "Dead End",
        "description": "You call grim reaper and force death target!",
        "valid_targets": [ "hostile" ],
        "flags": [ "VERBAL", "SOMATIC", "NO_PROJECTILE", "LOUD" ],
        "min_damage": 9999,
        "damage_type": "pure",
        "max_damage": 9999,
        "min_range": 4,
        "range_increment": 0.2,
        "max_range": 6,
        "base_energy_cost": 5000,
        "energy_increment": -25.0,
        "final_energy_cost": 4500,
        "spell_class": "NONE",
        "difficulty": 14,
        "max_level": 20,
        "base_casting_time": 36000,
        "energy_source": "MANA",
        "shape": "blast",
        "effect": "attack"
      },

      {
        "type": "SPELL",
        "id": "PSY_magi_summon_bug_swarm",
        "name": "Bug Swarm",
        "description": "Summon Many insects at target locations.",
        "valid_targets": [ "ground"],
        "effect": "summon",
        "effect_str": "GROUP_PSY_magi_BUG_SWARM",
        "shape": "blast",
        "flags": [ "NO_PROJECTILE", "NO_LEGS","SOMATIC", "VERBAL", "CONCENTRATE","SPAWN_GROUP" ],
        "max_level": 20,
        "difficulty": 15,
        "min_damage": 30,
        "max_damage": 50,
        "damage_increment": 1.0,
        "min_range": 10,
        "max_range": 20,
        "range_increment": 0.5,
        "min_aoe": 9,
        "max_aoe": 9,
        "energy_source": "MANA",
        "base_energy_cost": 5500,
        "energy_increment": -75.0,
        "final_energy_cost": 4000,
        "//2": "60s",
        "base_casting_time": 6000,
        "casting_time_increment": -75.0,
        "final_casting_time": 4500,
        "min_duration": 180000,
        "max_duration": 360000,
        "duration_increment": 9000,
        "message": ""
      },

      {
        "id": "PSY_magi_mega_healing",
        "type": "SPELL",
        "name": "Mega Cure wounds",
        "description": "Heals a lot of damage.",
        "valid_targets": [ "self" ],
        "min_damage": -80,
        "max_damage": -160,
        "damage_increment": -4.0,
        "max_level": 20,
        "min_range": 0,
        "max_range": 0,
        "effect": "attack",
        "shape": "blast",
        "base_casting_time": 360000,
        "casting_time_increment": -10000.0,
        "final_casting_time": 180000,
        "base_energy_cost": 5000,
        "flags": [ "SOMATIC", "VERBAL", "NO_PROJECTILE" ],
        "spell_class": "BIOMANCER",
        "difficulty": 2,
        "energy_source": "MANA"
      },

      {
        "id": "PSY_magi_create_magic_moon_light",
        "type": "SPELL",
        "name": "Conjure a Magic Moon Light ",
        "description": "Conjure an Ethereal Laser rifle for a little while,     This rifle has infinity ammo and mid range weapon deals cold damage to enemies",
        "valid_targets": [ "self" ],
        "min_damage": 1,
        "max_damage": 1,
        "effect": "spawn_item",
        "effect_str": "PSY_magi_Ethereal_moon_light",
        "shape": "blast",
        "base_casting_time": 6000,
        "casting_time_increment": -30.0,
        "final_casting_time": 4500,
        "base_energy_cost": 5000,
        "energy_increment": -30,
        "final_energy_cost": 3500,
        "min_duration": 18000,
        "max_duration": 54000,
        "duration_increment": 720,
        "difficulty": 7,
        "max_level": 50,
        "spell_class": "NONE",
        "energy_source": "MANA",
        "flags": ["SILENT", "NO_LEGS" ]
      },

      {
        "id": "PSY_magi_great_blessing",
        "type": "SPELL",
        "name": "Great Blessing",
        "description": "This spell enchants you with great blessing and covered by protect aura that reduce all received damage by half and increase your HP,STAMINA and MANA by 20%, strengthen all status by 15. This aura also heal your hp every 10 minutes",
        "valid_targets": [ "self" ],
        "effect": "spawn_item",
        "effect_str": "PSY_magi_powerful_great_blessing",
        "shape": "blast",
        "flags": [ "SOMATIC", "VERBAL" ],
        "spell_class": "NONE",
        "energy_source": "MANA",
        "difficulty": 8,
        "base_casting_time": 6000,
        "base_energy_cost": 6000,
        "max_level": 20,
        "min_damage": 1,
        "max_damage": 1,
        "min_duration": 360000,
        "max_duration": 1080000,
        "duration_increment": 54000
      }

]