[

     {
        "type": "mutation",
        "id": "PSY_MANA_STORE500",
        "name": "Mana Pocket 500",
        "points": 2,
        "valid": false,
        "purifiable": false,
        "description": "You are able to store more mana in your body than usual.",
        "flags": [ "NON_THRESH" ],
        "mana_modifier": 500
      },

      {
        "type": "mutation",
        "id": "PSY_MANA_STORE1000",
        "name": "Mana Pocket 1000",
        "points": 2,
        "valid": false,
        "purifiable": false,
        "description": "You are able to store more mana in your body than usual.",
        "flags": [ "NON_THRESH" ],
        "mana_modifier": 1000
      },

      {
        "type": "mutation",
        "id": "PSY_MANA_STORE1500",
        "name": "Mana Pocket 1500",
        "points": 2,
        "valid": false,
        "purifiable": false,
        "description": "You are able to store more mana in your body than usual.",
        "flags": [ "NON_THRESH" ],
        "mana_modifier": 1500
      },

      {
        "type": "mutation",
        "id": "PSY_MANA_REGEN11",
        "name": "Mana Regeneration 1.1",
        "points": 4,
        "valid": false,
        "purifiable": false,
        "description": "Your natural mana regeneration is 1.1x faster than normal.",
        "flags": [ "NON_THRESH" ],
        "mana_regen_multiplier": 1.1
      },

      {
        "type": "mutation",
        "id": "PSY_MANA_REGEN12",
        "name": "Mana Regeneration 1.2",
        "points": 4,
        "valid": false,
        "purifiable": false,
        "description": "Your natural mana regeneration is 1.2x faster than normal.",
        "flags": [ "NON_THRESH" ],
        "mana_regen_multiplier": 1.2
      },

      {
        "type": "mutation",
        "id": "PSY_MANA_REGEN13",
        "name": "Mana Regeneration 1.3",
        "points": 4,
        "valid": false,
        "purifiable": false,
        "description": "Your natural mana regeneration is 1.3x faster than normal.",
        "flags": [ "NON_THRESH" ],
        "mana_regen_multiplier": 1.3
      },

      {
        "type": "mutation",
        "id": "PSY_PLANT_MUTATION",
        "name": { "str": "Plant Smell" },
        "valid": false,
        "purifiable": false,
        "points": 2,
        "ignored_by": [ "PLANT" ],
        "description": "You smell like a plant,  So plant creatures won't hostile against you.",
        "mana_regen_multiplier": 1.05
      },

      {
        "type": "mutation",
        "id": "PSY_STRUP_1",
        "name": "STR UP 1",
        "points": 2,
        "valid": false,
        "purifiable": false,
        "description": "Your muscles are bulging. STR+1",
        "flags": [ "NON_THRESH" ],
        "passive_mods": { "str_mod": 1 }
      },

      {
        "type": "mutation",
        "id": "PSY_STRUP_2",
        "name": "STR UP 2",
        "points": 4,
        "valid": false,
        "purifiable": false,
        "description": "Your muscles are more bulging. STR+2",
        "flags": [ "NON_THRESH" ],
        "passive_mods": { "str_mod": 2 }
      },

      {
        "type": "mutation",
        "id": "PSY_INTUP_1",
        "name": "INT UP 1",
        "points": 2,
        "valid": false,
        "purifiable": false,
        "description": "Your feel smarter. INT+1",
        "flags": [ "NON_THRESH" ],
        "passive_mods": { "int_mod": 1 }
      },

      {
        "type": "mutation",
        "id": "PSY_INTUP_2",
        "name": "INT UP 2",
        "points": 4,
        "valid": false,
        "purifiable": false,
        "description": "Your feel more smarter. INT+2",
        "flags": [ "NON_THRESH" ],
        "passive_mods": { "int_mod": 2 }
      },

      {
        "type": "mutation",
        "id": "PSY_DEXUP_1",
        "name": "DEX UP 1",
        "points": 2,
        "valid": false,
        "purifiable": false,
        "description": "You're dexterous. DEX+1",
        "flags": [ "NON_THRESH" ],
        "passive_mods": { "dex_mod": 1 }
      },

      {
        "type": "mutation",
        "id": "PSY_DEXUP_2",
        "name": "DEX UP 2",
        "points": 2,
        "valid": false,
        "purifiable": false,
        "description": "You're very dexterous. DEX+2",
        "flags": [ "NON_THRESH" ],
        "passive_mods": { "dex_mod": 2 }
      },

      {
        "type": "mutation",
        "id": "PSY_PERUP_1",
        "name": "PER UP 1",
        "points": 2,
        "valid": false,
        "purifiable": false,
        "description": "You're have a wider view. PER+1",
        "flags": [ "NON_THRESH" ],
        "passive_mods": { "per_mod": 1 }
      },

      {
        "type": "mutation",
        "id": "PSY_PERUP_2",
        "name": "PER UP 2",
        "points": 2,
        "valid": false,
        "purifiable": false,
        "description": "You're have a broader view. PER+2",
        "flags": [ "NON_THRESH" ],
        "passive_mods": { "per_mod": 2 }
      },

      {
        "type": "mutation",
        "id": "PSY_STAMINA_REGEN11",
        "name": "Stamina Regeneration 1.1",
        "points": 4,
        "valid": false,
        "purifiable": false,
        "description": "Your natural stamina regeneration is 1.1x faster than normal.",
        "flags": [ "NON_THRESH" ],
        "stamina_regen_modifier": 0.1
      },

      {
        "type": "mutation",
        "id": "PSY_STAMINA_REGEN12",
        "name": "Stamina Regeneration 1.2",
        "points": 4,
        "valid": false,
        "purifiable": false,
        "description": "Your natural stamina regeneration is 1.2x faster than normal.",
        "flags": [ "NON_THRESH" ],
        "stamina_regen_modifier": 0.2
      },

      {
        "type": "mutation",
        "id": "PSY_STAMINA_STORE15",
        "name": "Stamina Capacity 1.15",
        "points": 4,
        "valid": false,
        "purifiable": false,
        "description": "Your stamina capacity has been increased by 15%.",
        "flags": [ "NON_THRESH" ],
        "max_stamina_modifier": 1.15
      },

      {
        "type": "mutation",
        "id": "PSY_SPEED_UP5",
        "name": { "str": "SPEED UP 5%" },
        "points": 3,
        "description": "You're just generally quick!  You get a 5% bonus to action points.",
        "valid": false,
        "purifiable": false,
        "flags": [ "NON_THRESH" ],
        "speed_modifier": 1.05
      },

      {
        "type": "mutation",
        "id": "PSY_HP_UP10",
        "name": "MAX HP 10%",
        "points": 4,
        "valid": false,
        "purifiable": false,
        "description": "It takes a lot to bring you down!  You get a 20% bonus to all hit points.",
        "flags": [ "NON_THRESH" ],
        "hp_modifier": 0.1
      },

      {
        "type": "mutation",
        "id": "PSY_HARDENSKIN1",
        "name": "HARDEN SKIN 1",
        "points": 4,
        "valid": false,
        "purifiable": false,
        "description": "Your skin is tough.  Cutting and bashing damage is slightly reduced for you.  All parts of armor +1.",
        "flags": [ "NON_THRESH" ],
        "armor": [
          {
            "parts": [ "torso", "head", "arm_l", "arm_r", "hand_l", "hand_r", "leg_l", "leg_r", "foot_l", "foot_r", "mouth" ],
            "cut": 1,
            "bash": 1
          }
        ]
      }


]