[
 {
    "type": "overmap_special",
    "id": "PSY_magi_bugtower_map",
    "overmaps": [
      { "point": [ 0, 0, 0 ], "overmap": "PSY_magi_bugtower_1_north" },
      { "point": [ 0, 0, 1 ], "overmap": "PSY_magi_bugtower_2_north" },
      { "point": [ 0, 0, 2 ], "overmap": "PSY_magi_bugtower_3_north" },
      { "point": [ 0, 0, 3 ], "overmap": "PSY_magi_bugtower_4_north" }
    ],
    "locations": [ "wilderness" ],
    "city_distance": [ 5, -1 ],
    "city_sizes": [ 0, 20 ],
    "occurrences": [ 0, 1 ],
    "spawns": { "group": "GROUP_PSY_magi_BUG_SWARM", "population": [ 10, 25 ], "radius": [ 2, 30 ] }
  },

  {
    "type": "overmap_special",
    "id": "PSY_magi_random_dungeon_map",
    "overmaps": [
      { "point": [ 0, 0, 0 ], "overmap": "PSY_magi_random_dungeon_0_NW_north" },
      { "point": [ 1, 0, 0 ], "overmap": "PSY_magi_random_dungeon_0_NE_north" },
      { "point": [ 0, 1, 0 ], "overmap": "PSY_magi_random_dungeon_0_SW_north" },
      { "point": [ 1, 1, 0 ], "overmap": "PSY_magi_random_dungeon_0_SE_north" },
      { "point": [ 0, 0, -1 ], "overmap": "PSY_magi_random_dungeon_1_NW_north" },
      { "point": [ 1, 0, -1 ], "overmap": "PSY_magi_random_dungeon_1_NE_north" },
      { "point": [ 0, 1, -1 ], "overmap": "PSY_magi_random_dungeon_1_SW_north" },
      { "point": [ 1, 1, -1 ], "overmap": "PSY_magi_random_dungeon_1_SE_north" },
      { "point": [ 0, 0, -2 ], "overmap": "PSY_magi_random_dungeon_2_NW_north" },
      { "point": [ 1, 0, -2 ], "overmap": "PSY_magi_random_dungeon_2_NE_north" },
      { "point": [ 0, 1, -2 ], "overmap": "PSY_magi_random_dungeon_2_SW_north" },
      { "point": [ 1, 1, -2 ], "overmap": "PSY_magi_random_dungeon_2_SE_north" },
      { "point": [ 0, 0, -3 ], "overmap": "PSY_magi_random_dungeon_3_NW_north" },
      { "point": [ 1, 0, -3 ], "overmap": "PSY_magi_random_dungeon_3_NE_north" },
      { "point": [ 0, 1, -3 ], "overmap": "PSY_magi_random_dungeon_3_SW_north" },
      { "point": [ 1, 1, -3 ], "overmap": "PSY_magi_random_dungeon_3_SE_north" }        
    ],
    "locations": [ "wilderness" ],
    "city_distance": [ 8, -1 ],
    "city_sizes": [ 0, 20 ],
    "occurrences": [ 0, 8 ]
  }
]