[

    {
        "type": "terrain",
        "id": "PSY_magi_t_floor_blue",
        "name": "floor",
        "looks_like": "t_floor_blue",
        "description": "Interlocking wooden tiles that are more than likely treated against fire, with wooden posts and beams supporting a roof.",
        "symbol": ".",
        "color": "cyan",
        "move_cost": 2,
        "light_emitted": 20,
        "roof": "t_flat_roof",
        "flags": [ "TRANSPARENT", "FLAMMABLE_HARD", "SUPPORTS_ROOF", "COLLAPSES", "INDOORS", "FLAT", "ROAD" ],
        "bash": {
          "sound": "SMASH!",
          "ter_set": "t_null",
          "str_min": 50,
          "str_max": 400,
          "str_min_supported": 100,
          "items": [ { "item": "splinter", "count": [ 2, 8 ] }, { "item": "nail", "charges": [ 5, 10 ] } ]
        }
    },

    {
        "type": "terrain",
        "id": "PSY_magi_t_carpet_red",
        "name": "floor",
        "looks_like": "t_carpet_red",
        "description": "Interlocking wooden tiles that are more than likely treated against fire, with wooden posts and beams supporting a roof.",
        "symbol": ".",
        "color": "cyan",
        "move_cost": 2,
        "light_emitted": 30,
        "roof": "t_flat_roof",
        "flags": [ "TRANSPARENT", "FLAMMABLE_HARD", "SUPPORTS_ROOF", "COLLAPSES", "INDOORS", "FLAT", "ROAD" ],
        "bash": {
          "sound": "SMASH!",
          "ter_set": "t_null",
          "str_min": 50,
          "str_max": 400,
          "str_min_supported": 100,
          "items": [ { "item": "splinter", "count": [ 2, 8 ] }, { "item": "nail", "charges": [ 5, 10 ] } ]
        }
    },

    {
      "type": "terrain",
      "id": "PSY_magi_t_carpet_yellow",
      "name": "floor",
      "looks_like": "t_carpet_yellow",
      "description": "Interlocking wooden tiles that are more than likely treated against fire, with wooden posts and beams supporting a roof.",
      "symbol": ".",
      "color": "cyan",
      "move_cost": 2,
      "light_emitted": 30,
      "roof": "t_flat_roof",
      "flags": [ "TRANSPARENT", "FLAMMABLE_HARD", "SUPPORTS_ROOF", "COLLAPSES", "INDOORS", "FLAT", "ROAD" ],
      "bash": {
        "sound": "SMASH!",
        "ter_set": "t_null",
        "str_min": 50,
        "str_max": 400,
        "str_min_supported": 100,
        "items": [ { "item": "splinter", "count": [ 2, 8 ] }, { "item": "nail", "charges": [ 5, 10 ] } ]
      }
  },

    {
        "type": "terrain",
        "id": "PSY_magi_t_strconc_floor",
        "name": "floor",
        "looks_like": "t_strconc_floor",
        "description": "Interlocking wooden tiles that are more than likely treated against fire, with wooden posts and beams supporting a roof.",
        "symbol": ".",
        "color": "cyan",
        "move_cost": 2,
        "light_emitted": 30,
        "roof": "t_flat_roof",
        "flags": [ "TRANSPARENT", "FLAMMABLE_HARD", "SUPPORTS_ROOF", "COLLAPSES", "INDOORS", "FLAT", "ROAD" ],
        "bash": {
          "sound": "SMASH!",
          "ter_set": "t_null",
          "str_min": 50,
          "str_max": 400,
          "str_min_supported": 100,
          "items": [ { "item": "splinter", "count": [ 2, 8 ] }, { "item": "nail", "charges": [ 5, 10 ] } ]
        }
    },

    {
        "type": "terrain",
        "id": "PSY_magi_t_thconc_floor",
        "name": "floor",
        "looks_like": "t_thconc_floor",
        "description": "Interlocking wooden tiles that are more than likely treated against fire, with wooden posts and beams supporting a roof.",
        "symbol": ".",
        "color": "cyan",
        "move_cost": 2,
        "light_emitted": 30,
        "roof": "t_flat_roof",
        "flags": [ "TRANSPARENT", "FLAMMABLE_HARD", "SUPPORTS_ROOF", "COLLAPSES", "INDOORS", "FLAT", "ROAD" ],
        "bash": {
          "sound": "SMASH!",
          "ter_set": "t_null",
          "str_min": 50,
          "str_max": 400,
          "str_min_supported": 100,
          "items": [ { "item": "splinter", "count": [ 2, 8 ] }, { "item": "nail", "charges": [ 5, 10 ] } ]
        }
    },

    {
        "type": "terrain",
        "id": "PSY_magi_t_floor",
        "name": "floor",
        "looks_like": "t_floor",
        "description": "Interlocking wooden tiles that are more than likely treated against fire, with wooden posts and beams supporting a roof.",
        "symbol": ".",
        "color": "cyan",
        "move_cost": 2,
        "light_emitted": 20,
        "roof": "t_flat_roof",
        "flags": [ "TRANSPARENT", "FLAMMABLE_HARD", "SUPPORTS_ROOF", "COLLAPSES", "INDOORS", "FLAT", "ROAD" ],
        "bash": {
          "sound": "SMASH!",
          "ter_set": "t_null",
          "str_min": 50,
          "str_max": 400,
          "str_min_supported": 100,
          "items": [ { "item": "splinter", "count": [ 2, 8 ] }, { "item": "nail", "charges": [ 5, 10 ] } ]
        }
    },

    {
        "type": "terrain",
        "id": "PSY_magi_t_dirt",
        "name": "dirt",
        "description": "It's dirt.  Looks like some fine soil for tillage.  Could also be dug out for construction projects.",
        "symbol": ".",
        "color": "brown",
        "looks_like": "t_dirt",
        "light_emitted": 30,
        "move_cost": 2,
        "flags": [ "TRANSPARENT", "DIGGABLE", "FLAT", "PLOWABLE" ],
        "bash": { "sound": "thump", "ter_set": "t_null", "str_min": 50, "str_max": 100, "str_min_supported": 100, "bash_below": true }
    },

    {
        "type": "terrain",
        "id": "PSY_magi_t_dirtfloor",
        "name": "dirt",
        "description": "It's dirt.  Looks like some fine soil for tillage.  Could also be dug out for construction projects.",
        "symbol": ".",
        "color": "brown",
        "looks_like": "t_dirtfloor",
        "light_emitted": 20,
        "move_cost": 2,
        "flags": [ "TRANSPARENT", "DIGGABLE", "FLAT", "PLOWABLE" ],
        "bash": { "sound": "thump", "ter_set": "t_null", "str_min": 50, "str_max": 100, "str_min_supported": 100, "bash_below": true }
    }

]