[

  {
    "type": "mapgen",
    "method": "json",
    "//": "a nested map for basements",
    "nested_mapgen_id": "PSY_magi_room_24x24_base",
    "weight": 1000,
    "object": {
      "mapgensize": [ 24, 24 ],
      "rotation": [ 0, 3 ],
      "rows": [
        "...........+............",
        "........................",
        "........................",
        "........................",
        "........................",
        "........................",
        "........................",
        "........................",
        "........................",
        "........................",
        "........................",
        "+......................+",
        "........................",
        "........................",
        "........................",
        "........................",
        "........................",
        "........................",
        "........................",
        "........................",
        "........................",
        "........................",
        "........................",
        "...........+............"
      ],
      "palettes": [ "PSY_magi_nested_dungeon_pelette" ]
    }
  },



    {
        "type": "mapgen",
        "method": "json",
        "//": "a nested map for basements",
        "nested_mapgen_id": "PSY_magi_room_24x24_null_base",
        "weight": 1000,
        "object": {
          "mapgensize": [ 24, 24 ],
          "rotation": [ 0, 3 ],
          "rows": [
            "........... ............",
            "......      ...3||||....",
            "...... ........|||||....",
            "...... ........|||||....",
            "...... ........|||||....",
            "...1|||||......|||||....",
            "...||||||......+........",
            "...||||||...... ........",
            "...||||||...... ........",
            "...||||||+      ........",
            "...||||||...... ........",
            ".... .......... ........",
            "     ..........         ",
            "............... ........",
            "............... ........",
            "...............+........",
            "...... ......2||||||....",
            "...... ......|||||||....",
            "...... ......|||||||....",
            "...... ......|||||||....",
            "......       |||||||....",
            "........... .|||||||....",
            "........... .|||||||....",
            "........... ............"
          ],
          "palettes": [ "PSY_magi_nested_dungeon_pelette" ]
        }
      },

      {
        "type": "mapgen",
        "method": "json",
        "//": "a nested map for basements",
        "nested_mapgen_id": "PSY_magi_room_24x24_4room_NW",
        "weight": 1000,
        "object": {
          "mapgensize": [ 24, 24 ],
          "rotation": [ 0, 3 ],
          "rows": [
            "........................",
            "..5||||.....6|||||......",
            "..|||||.....||||||......",
            "..|||||D+++D||||||......",
            "..|||||..+..||||||......",
            "..|||||..+..||||||......",
            "...D.....+..||||||......",
            "...+.....+.....D........",
            "...+.....+.....+++++....",
            "...+.....+.........+....",
            "...+++++++.5||||...+....",
            "...+.......|||||...+..++",
            "...+.......|||||D++++++.",
            "...++++....|||||........",
            "......D....|||||........",
            "...7||||||..............",
            "...|||||||..............",
            "...|||||||..............",
            "...|||||||D+............",
            "...|||||||.+............",
            "...|||||||.+............",
            "...|||||||.+............",
            "...........+............",
            "...........+............"
          ],
          "palettes": [ "PSY_magi_nested_dungeon_pelette" ]
        }
      },

      {
        "type": "mapgen",
        "method": "json",
        "//": "a nested map for basements",
        "nested_mapgen_id": "PSY_magi_room_24x24_4room_NE",
        "weight": 1000,
        "object": {
          "mapgensize": [ 24, 24 ],
          "rotation": [ 0, 3 ],
          "rows": [
            "........................",
            "..............5||||.....",
            "..............|||||.....",
            "....5||||..++D|||||.....",
            "....|||||..+..|||||.....",
            "....|||||D++..|||||.....",
            "....|||||.......D.......",
            "....|||||.....+++.......",
            "......D.......+.........",
            "......+.......+++++.....",
            "...6|||||.....+...+++...",
            "++.||||||D+++++++.......",
            ".+D||||||.......D.......",
            "...||||||...7||||||.....",
            "...||||||...|||||||.....",
            "...||||||...|||||||.....",
            "............|||||||.....",
            "............|||||||.....",
            "............|||||||.....",
            "............|||||||.....",
            "...............D........",
            "...........+++++........",
            "...........+............",
            "...........+............"
          ],
          "palettes": [ "PSY_magi_nested_dungeon_pelette" ]
        }
      },

      {
        "type": "mapgen",
        "method": "json",
        "//": "a nested map for basements",
        "nested_mapgen_id": "PSY_magi_room_24x24_4room_SW",
        "weight": 1000,
        "object": {
          "mapgensize": [ 24, 24 ],
          "rotation": [ 0, 3 ],
          "rows": [
            "...........+............",
            "..5||||..+++.6|||||.....",
            "..|||||..+...||||||.....",
            "..|||||D++++D||||||.....",
            "..|||||..+...||||||.....",
            "..|||||..+...||||||.....",
            "...D.....+...||||||.....",
            "...+.....+.....D........",
            "...+.....+.....+++++....",
            "...+.....+.........+....",
            "...+.....+.5||||...+....",
            "...+.....+.|||||...+++++",
            "...+++...+D|||||...+....",
            ".....+.....|||||...+....",
            ".....+.....|||||..++....",
            "...7||||||........+.....",
            "...|||||||........+.....",
            "...|||||||........+.....",
            "...|||||||D++++++++.....",
            "...|||||||..............",
            "...|||||||..............",
            "...|||||||..............",
            "........................",
            "........................"
          ],
          "palettes": [ "PSY_magi_nested_dungeon_pelette" ]
        }
      },

      {
        "type": "mapgen",
        "method": "json",
        "//": "a nested map for basements",
        "nested_mapgen_id": "PSY_magi_room_24x24_4room_SE",
        "weight": 1000,
        "object": {
          "mapgensize": [ 24, 24 ],
          "rotation": [ 0, 3 ],
          "rows": [
            "...........+............",
            "...........+..5||||.....",
            "...........+..|||||.....",
            "....5||||..++D|||||.....",
            "....|||||..+..|||||.....",
            "....|||||D++..|||||.....",
            "....|||||.......D.......",
            "....|||||.....+++.......",
            "......D.......+.........",
            "......+.......+++++.....",
            "...6|||||.....+...+++...",
            "++.||||||D+++++++.......",
            ".+D||||||.......D.......",
            "...||||||...7||||||.....",
            "...||||||...|||||||.....",
            "...||||||...|||||||.....",
            ".....D......|||||||.....",
            ".....+..+++D|||||||.....",
            ".....+..+...|||||||.....",
            ".....++++...|||||||.....",
            "........................",
            "........................",
            "........................",
            "........................"
          ],
          "palettes": [ "PSY_magi_nested_dungeon_pelette" ]
        }
      },

      {
        "type": "mapgen",
        "method": "json",
        "//": "a nested map for basements",
        "nested_mapgen_id": "PSY_magi_room_24x24_5room_NSWE",
        "weight": 1000,
        "object": {
          "mapgensize": [ 24, 24 ],
          "rotation": [ 0, 3 ],
          "rows": [
            "...........+............",
            "...........+............",
            "...........+...5||||....",
            "....5||||..+...|||||....",
            "....|||||..+++D|||||....",
            "....|||||......|||||....",
            "....|||||......|||||....",
            "....|||||........D......",
            "......D...+++++++++.....",
            "......+++++.......D.....",
            "..........D.....5||||...",
            "++.....6|||||...|||||.++",
            ".+++++D||||||...|||||D+.",
            ".......||||||...|||||...",
            ".......||||||...|||||...",
            ".......||||||...........",
            ".......||||||...........",
            ".........D......5||||...",
            ".........+......|||||...",
            "........+++++++D|||||...",
            "...........+....|||||...",
            "...........+....|||||...",
            "...........+............",
            "...........+............"
          ],
          "palettes": [ "PSY_magi_nested_dungeon_pelette" ]
        }
      },

      {
        "type": "mapgen",
        "method": "json",
        "//": "a nested map for basements",
        "nested_mapgen_id": "PSY_magi_room_24x24_3room_NSWE",
        "weight": 1000,
        "object": {
          "mapgensize": [ 24, 24 ],
          "rotation": [ 0, 3 ],
          "rows": [
            "...........+............",
            "..7||||||..+............",
            "..|||||||.++............",
            "..|||||||.+.............",
            "..|||||||D+.............",
            "..|||||||...............",
            "..|||||||....7||||||....",
            "..|||||||....|||||||....",
            ".....D.......|||||||....",
            ".....+.......|||||||D+..",
            ".....+.......|||||||.+..",
            "+....+++++...|||||||.+++",
            "++++++...+...|||||||....",
            ".........+......D.......",
            ".......+++......+.......",
            ".........D......+.......",
            "......7||||||...+.......",
            "......|||||||...+.......",
            "......|||||||...+.......",
            "......|||||||D+++.......",
            "......|||||||...........",
            "......|||||||...........",
            "......|||||||...........",
            "...........D............"
          ],
          "palettes": [ "PSY_magi_nested_dungeon_pelette" ]
        }
      },

      {
        "type": "mapgen",
        "method": "json",
        "//": "a nested map for basements",
        "nested_mapgen_id": "PSY_magi_room_24x24_7room_NSWE",
        "weight": 1000,
        "object": {
          "mapgensize": [ 24, 24 ],
          "rotation": [ 0, 3 ],
          "rows": [
            "...........+............",
            "..5||||....+............",
            "..|||||..+++.5||||......",
            "..|||||D++.+.|||||......",
            "..|||||..+.+D|||||D+++..",
            "..|||||..+...|||||...+..",
            ".........+...|||||...+..",
            ".........D...........+..",
            ".......5||||.........+..",
            ".......|||||..5||||..+..",
            ".......|||||..|||||..+..",
            "++++++D|||||..|||||D++++",
            ".......|||||..|||||.....",
            ".........D....|||||.....",
            ".5||||...D......D.......",
            ".|||||.5||||....+.......",
            ".|||||.|||||..+++.......",
            ".|||||.|||||..+.........",
            ".|||||.|||||..+..5||||..",
            "...D...|||||..+..|||||..",
            "...+.....D....++D|||||..",
            "...+++++++.++++..|||||..",
            ".........+++.....|||||..",
            "...........+............"
          ],
          "palettes": [ "PSY_magi_nested_dungeon_pelette" ]
        }
      },

      {
        "type": "mapgen",
        "method": "json",
        "//": "a nested map for basements",
        "nested_mapgen_id": "PSY_magi_room_24x24_4room_NSWE",
        "weight": 1000,
        "object": {
          "mapgensize": [ 24, 24 ],
          "rotation": [ 0, 3 ],
          "rows": [
            "...........+............",
            "..........++++++++++++..",
            "..6|||||..+..........+..",
            "..||||||..+.6|||||...+..",
            "..||||||..+.||||||...+..",
            "..||||||D++.||||||...+..",
            "..||||||..+.||||||D+++..",
            "..||||||.++.||||||..+...",
            "....D....+..||||||..+...",
            "..+++..............++...",
            "..+...++++++++++..++....",
            "+++++++.....+..+...++..+",
            "...D.....++++..++...+...",
            ".5||||..........+++++...",
            ".|||||..7||||||.+.......",
            ".|||||..|||||||.+.......",
            ".|||||..|||||||.+.......",
            ".|||||..|||||||D+.......",
            "........|||||||.........",
            "........|||||||.........",
            "........|||||||.........",
            "...........D............",
            "...........+............",
            "...........+............"
          ],
          "palettes": [ "PSY_magi_nested_dungeon_pelette" ]
        }
      },

      {
        "type": "mapgen",
        "method": "json",
        "//": "a nested map for basements",
        "nested_mapgen_id": "PSY_magi_room_24x24_6room_NSWE",
        "weight": 1000,
        "object": {
          "mapgensize": [ 24, 24 ],
          "rotation": [ 0, 3 ],
          "rows": [
            "...........+............",
            ".5||||....+++++..6|||||.",
            ".|||||..++++...+.||||||.",
            ".|||||D++..+....D||||||.",
            ".|||||.....+.....||||||.",
            ".|||||.+++++++++.||||||.",
            "...D...+.........||||||.",
            "...+++++..+.5||||..D....",
            "...D......+.|||||..+....",
            "..7||||||.+D|||||D++....",
            "..|||||||.+.|||||..+....",
            "+.|||||||.+.|||||..+..++",
            "+D|||||||D+.......++..+.",
            "..|||||||...+.....D...+.",
            "..|||||||.++++.6|||||.+.",
            "..|||||||..+...||||||.+.",
            "....D......+...||||||.+.",
            "..5||||.++++++D||||||.+.",
            "..|||||.+......||||||.+.",
            "..|||||D+......||||||.+.",
            "..|||||...........D...+.",
            "..|||||....++++++++++++.",
            "....D...++++............",
            "....+++++..+............"
          ],
          "palettes": [ "PSY_magi_nested_dungeon_pelette" ]
        }
      },

      {
        "type": "mapgen",
        "method": "json",
        "//": "a nested map for basements",
        "nested_mapgen_id": "PSY_magi_room_24x24_6room_2_NSWE",
        "weight": 1000,
        "object": {
          "mapgensize": [ 24, 24 ],
          "rotation": [ 0, 3 ],
          "rows": [
            "...........+............",
            ".5||||.....+.....6|||||.",
            ".|||||.....+.....||||||.",
            ".|||||D+++++...+D||||||.",
            ".|||||.....+...+.||||||.",
            ".|||||.+++++++++.||||||.",
            "...D...+......D..||||||.",
            "++++++++..+.5||||..D....",
            "+.........+.|||||..+....",
            "+.7||||||.+D|||||D++....",
            "+.|||||||.+.|||||..+....",
            "+.|||||||.+.|||||..+..++",
            "..|||||||D+...D...++..+.",
            "..|||||||....+....D...+.",
            "..|||||||.++++.6|||||.+.",
            "..|||||||..+...||||||.+.",
            "...........+...||||||.+.",
            "..5||||....+++D||||||D+.",
            "..|||||....+...||||||...",
            "..|||||D+..+...||||||...",
            "..|||||.+..D......D.....",
            "..|||||.+..++++++++.....",
            "....D...++++............",
            "....+++++..+............"
          ],
          "palettes": [ "PSY_magi_nested_dungeon_pelette" ]
        }
      }

]