[

    {
        "type": "mapgen",
        "method": "json",
        "//": "a nested map for basements",
        "nested_mapgen_id": "PSY_magi_room_24x24_center_base",
        "weight": 1000,
        "object": {
          "mapgensize": [ 24, 24 ],
          "rotation": [ 0, 3 ],
          "rows": [
            "........................",
            "........................",
            "........................",
            "........................",
            "........................",
            "........................",
            "........................",
            "........................",
            "........................",
            "........................",
            "..........@@@...........",
            "..........@@@...........",
            "..........@@@...........",
            "........................",
            "........................",
            "........................",
            "........................",
            "........................",
            "........................",
            "........................",
            "........................",
            "........................",
            "........................",
            "........................"
          ],
          "palettes": [ "PSY_magi_nested_dungeon_pelette" ]
        }
    },

    {
        "type": "mapgen",
        "method": "json",
        "//": "a nested map for basements",
        "nested_mapgen_id": "PSY_magi_room_24x24_center_NW",
        "weight": 1000,
        "object": {
          "mapgensize": [ 24, 24 ],
          "rotation": [ 0, 3 ],
          "rows": [
            "........................",
            "........................",
            "...5||||....+++.........",
            "...|||||....+...........",
            "...|||||D++++...........",
            "...|||||...+............",
            "...|||||...+............",
            ".....D.....++++.6|||||..",
            ".....+.....+..+.||||||..",
            ".....++....+..+D||||||..",
            "......+...@@@...||||||D+",
            "......+...@@@...||||||.+",
            "......+...@@@...||||||..",
            "......D...........D.....",
            "...7||||||........+.....",
            "...|||||||......+++.....",
            "...|||||||......D.......",
            "...|||||||D+..5||||.....",
            "...|||||||.+..|||||.....",
            "...|||||||.++D|||||.....",
            "...|||||||.+..|||||.....",
            "...........+..|||||.....",
            "...........+............",
            "...........+............"
          ],
          "palettes": [ "PSY_magi_nested_dungeon_pelette" ]
        }
    },

    {
      "type": "mapgen",
      "method": "json",
      "//": "a nested map for basements",
      "nested_mapgen_id": "PSY_magi_room_24x24_rightdown_base",
      "weight": 1000,
      "object": {
        "mapgensize": [ 24, 24 ],
        "rotation": [ 0, 3 ],
        "rows": [
          "........................",
          "........................",
          "........................",
          "........................",
          "........................",
          "........................",
          "........................",
          "........................",
          "........................",
          "........................",
          "........................",
          "........................",
          "........................",
          "........................",
          "........................",
          "........................",
          "........................",
          "........................",
          "........................",
          "........................",
          "....................@@@.",
          "....................@@@.",
          "....................@@@.",
          "........................"
        ],
        "palettes": [ "PSY_magi_nested_dungeon_pelette" ]
      }
    },

  {
    "type": "mapgen",
    "method": "json",
    "//": "a nested map for basements",
    "nested_mapgen_id": "PSY_magi_room_24x24_rightdown_SE",
    "weight": 1000,
    "object": {
      "mapgensize": [ 24, 24 ],
      "rotation": [ 0, 3 ],
      "rows": [
        "...........+............",
        "...........+............",
        "...........+++..7||||||.",
        "...5||||.....+..|||||||.",
        "...|||||....+++D|||||||.",
        "...|||||D+++....|||||||.",
        "...|||||...+....|||||||.",
        "...|||||...D....|||||||.",
        ".....D...6|||||.|||||||.",
        ".....+...||||||....D....",
        ".....+...||||||....+....",
        "++++++...||||||D++.+....",
        "...+.....||||||..+.+....",
        "...+.....||||||.++++....",
        "...+............+.......",
        "...+............+.......",
        "...++++++.......+.......",
        "......D.........+.......",
        "......5||||.....+.......",
        "......|||||.....+.......",
        "......|||||.....+...@@@.",
        "......|||||D++++++++@@@.",
        "......|||||.........@@@.",
        "........................"
      ],
      "palettes": [ "PSY_magi_nested_dungeon_pelette" ]
    }
  },

  {
    "type": "mapgen",
    "method": "json",
    "//": "a nested map for basements",
    "nested_mapgen_id": "PSY_magi_room_24x24_leftup_base",
    "weight": 1000,
    "object": {
      "mapgensize": [ 24, 24 ],
      "rotation": [ 0, 3 ],
      "rows": [
        "........................",
        ".@@@....................",
        ".@@@....................",
        ".@@@....................",
        "........................",
        "........................",
        "........................",
        "........................",
        "........................",
        "........................",
        "........................",
        "........................",
        "........................",
        "........................",
        "........................",
        "........................",
        "........................",
        "........................",
        "........................",
        "........................",
        "........................",
        "........................",
        "........................",
        "........................"
      ],
      "palettes": [ "PSY_magi_nested_dungeon_pelette" ]
    }
  },

  {
    "type": "mapgen",
    "method": "json",
    "//": "a nested map for basements",
    "nested_mapgen_id": "PSY_magi_room_24x24_leftup_NE",
    "weight": 1000,
    "object": {
      "mapgensize": [ 24, 24 ],
      "rotation": [ 0, 3 ],
      "rows": [
        "........................",
        ".@@@...5||||............",
        ".@@@...|||||............",
        ".@@@++D|||||D+++++++....",
        "...+...|||||..+....+....",
        "...+...|||||..+....D....",
        "...++....D...++.6|||||..",
        "....+....+++++..||||||..",
        "....+......+....||||||..",
        "....++++++++....||||||D+",
        "......+.........||||||.+",
        "......+.5||||...||||||.+",
        "..+...+.|||||.....D.....",
        "..+++++D|||||.....+.....",
        "..+...+.|||||...+++.....",
        "..+...+.|||||...D.......",
        "..+...+......7||||||....",
        "..+++++++++..|||||||....",
        ".........+...|||||||....",
        ".........+++D|||||||....",
        ".........+...|||||||....",
        ".........+...|||||||....",
        ".........+++.|||||||....",
        "...........+............"
      ],
      "palettes": [ "PSY_magi_nested_dungeon_pelette" ]
    }
  }

]