[


    {
        "type": "mapgen",
        "method": "json",
        "//": "a nested map for basements",
        "nested_mapgen_id": "PSY_magi_room_6x6_guns_NS",
        "weight": 1000,
        "object": {
          "mapgensize": [ 6, 6 ],
          "rotation": [ 0, 3 ],
          "rows": [
            "||||||",
            "|%Y !|",
            "|,  ~|",
            "|= h~|",
            "|$  ~|",
            "|||+||"
          ],
          "palettes": [ "standard_domestic_palette" ],
          "terrain": {
            "|": "t_dirt",
            "+": "t_door_c",
            " ": "t_carpet_red",
            "%": "t_carpet_red",
            "$": "t_carpet_red",
            "=": "t_carpet_red",
            ",": "t_carpet_red",
            "~": "t_carpet_red",
            "Y": "t_carpet_red",
            "h": "t_carpet_red",
            "P": "t_carpet_red",
            "!": "t_carpet_red"
          },
          "furniture": { "%": "f_rack_wood", "$": "f_rack_wood", "=": "f_table", ",": "f_table", "~": "f_workbench", "!": "f_bookcase" },
          "items": {
            "%": [
              { "item": "guns_rifle_common", "chance": 60, "magazine": 100, "repeat": [ 1, 2 ] },
              { "item": "guns_rifle_rare", "chance": 30, "magazine": 100, "repeat": [ 1, 2 ] },
              { "item": "guns_pistol_common", "chance": 50, "magazine": 100, "repeat": [ 1, 2 ] },
              { "item": "guns_pistol_rare", "chance": 30, "magazine": 100, "repeat": [ 1, 2 ] }
            ],
            "$": [
              { "item": "guns_smg_rare", "chance": 30, "magazine": 100, "repeat": [ 1, 2 ] },
              { "item": "guns_smg_common", "chance": 50, "magazine": 100, "repeat": [ 1, 2 ] },
              { "item": "guns_shotgun_common", "chance": 30, "magazine": 100, "repeat": [ 1, 2 ] },
              { "item": "guns_shotgun_rare_static", "chance": 30, "magazine": 100, "repeat": [ 1, 2 ] },
              { "item": "guns_obscure", "chance": 20, "ammo": 100, "magazine": 100, "repeat": [ 1, 2 ] }
            ],
            ",": [
              { "item": "mags_pistol_rare", "chance": 40, "repeat": [ 1, 2 ] },
              { "item": "mags_pistol_common", "chance": 60, "repeat": [ 1, 2 ] },
              { "item": "mags_smg_common", "chance": 30, "repeat": [ 1, 2 ] },
              { "item": "mags_rifle_common", "chance": 40, "repeat": [ 1, 2 ] },
              { "item": "mags_pistol_rare", "chance": 20, "repeat": [ 1, 2 ] }
            ],
            "=": [
              { "item": "ammo_rifle_reloaded", "chance": 40, "repeat": [ 1, 2 ] },
              { "item": "ammo_shotgun_reloaded", "chance": 50, "repeat": [ 1, 2 ] },
              { "item": "ammo_rifle_reloaded", "chance": 30, "repeat": [ 1, 2 ] },
              { "item": "ammo_shotgun_common", "chance": 50, "repeat": [ 1, 2 ] },
              { "item": "ammo_rifle_reloaded", "chance": 30, "repeat": [ 1, 2 ] },
              { "item": "ammo_rifle_common", "chance": 30, "repeat": [ 1, 2 ] },
              { "item": "ammo_smg_common", "chance": 30, "repeat": [ 1, 2 ] },
              { "item": "ammo_pistol_common", "chance": 30, "repeat": [ 1, 2 ] },
              { "item": "ammo_rifle_common", "chance": 30, "repeat": [ 1, 2 ] },
              { "item": "ammo_pistol_reloaded", "chance": 60, "repeat": [ 1, 2 ] }
            ],
            "~": [
              { "item": "museum_guns", "chance": 10 },
              { "item": "tools_common", "chance": 60 },
              { "item": "gunmod_rare", "chance": 10, "repeat": [ 1, 2 ] },
              { "item": "gunmod_common", "chance": 20, "repeat": [ 1, 2 ] }
            ],
            "!": [ { "item": "book_gunref", "chance": 40, "repeat": [ 1, 2 ] } ]
          }
        }
      },

      {
        "type": "mapgen",
        "method": "json",
        "//": "a nested map for basements",
        "nested_mapgen_id": "PSY_magi_room_6x6_guns_WE",
        "weight": 1000,
        "object": {
          "mapgensize": [ 6, 6 ],
          "rotation": [ 0, 3 ],
          "rows": [
            "||||||",
            "|%Y !|",
            "|,   |",
            "|=  ~|",
            "|$ ~~|",
            "||||||"
          ],
          "palettes": [ "standard_domestic_palette" ],
          "terrain": {
            "|": "t_dirt",
            "+": "t_door_c",
            " ": "t_carpet_red",
            "%": "t_carpet_red",
            "$": "t_carpet_red",
            "=": "t_carpet_red",
            ",": "t_carpet_red",
            "~": "t_carpet_red",
            "Y": "t_carpet_red",
            "h": "t_carpet_red",
            "P": "t_carpet_red",
            "!": "t_carpet_red"
          },
          "furniture": { "%": "f_rack_wood", "$": "f_rack_wood", "=": "f_table", ",": "f_table", "~": "f_workbench", "!": "f_bookcase" },
          "items": {
            "%": [
              { "item": "guns_rifle_common", "chance": 60, "magazine": 100, "repeat": [ 1, 2 ] },
              { "item": "guns_rifle_rare", "chance": 30, "magazine": 100, "repeat": [ 1, 2 ] },
              { "item": "guns_pistol_common", "chance": 50, "magazine": 100, "repeat": [ 1, 2 ] },
              { "item": "guns_pistol_rare", "chance": 30, "magazine": 100, "repeat": [ 1, 2 ] }
            ],
            "$": [
              { "item": "guns_smg_rare", "chance": 30, "magazine": 100, "repeat": [ 1, 2 ] },
              { "item": "guns_smg_common", "chance": 50, "magazine": 100, "repeat": [ 1, 2 ] },
              { "item": "guns_shotgun_common", "chance": 30, "magazine": 100, "repeat": [ 1, 2 ] },
              { "item": "guns_shotgun_rare_static", "chance": 30, "magazine": 100, "repeat": [ 1, 2 ] },
              { "item": "guns_obscure", "chance": 20, "ammo": 100, "magazine": 100, "repeat": [ 1, 2 ] }
            ],
            ",": [
              { "item": "mags_pistol_rare", "chance": 40, "repeat": [ 1, 2 ] },
              { "item": "mags_pistol_common", "chance": 60, "repeat": [ 1, 2 ] },
              { "item": "mags_smg_common", "chance": 30, "repeat": [ 1, 2 ] },
              { "item": "mags_rifle_common", "chance": 40, "repeat": [ 1, 2 ] },
              { "item": "mags_pistol_rare", "chance": 20, "repeat": [ 1, 2 ] }
            ],
            "=": [
              { "item": "ammo_rifle_reloaded", "chance": 40, "repeat": [ 1, 2 ] },
              { "item": "ammo_shotgun_reloaded", "chance": 50, "repeat": [ 1, 2 ] },
              { "item": "ammo_rifle_reloaded", "chance": 30, "repeat": [ 1, 2 ] },
              { "item": "ammo_shotgun_common", "chance": 50, "repeat": [ 1, 2 ] },
              { "item": "ammo_rifle_reloaded", "chance": 30, "repeat": [ 1, 2 ] },
              { "item": "ammo_rifle_common", "chance": 30, "repeat": [ 1, 2 ] },
              { "item": "ammo_smg_common", "chance": 30, "repeat": [ 1, 2 ] },
              { "item": "ammo_pistol_common", "chance": 30, "repeat": [ 1, 2 ] },
              { "item": "ammo_rifle_common", "chance": 30, "repeat": [ 1, 2 ] },
              { "item": "ammo_pistol_reloaded", "chance": 60, "repeat": [ 1, 2 ] }
            ],
            "~": [
              { "item": "museum_guns", "chance": 10 },
              { "item": "tools_common", "chance": 60 },
              { "item": "gunmod_rare", "chance": 10, "repeat": [ 1, 2 ] },
              { "item": "gunmod_common", "chance": 20, "repeat": [ 1, 2 ] }
            ],
            "!": [ { "item": "book_gunref", "chance": 40, "repeat": [ 1, 2 ] } ]
          }
        }
      }










]