[

  {
    "type": "mapgen",
    "method": "json",
    "om_terrain":[
    [ "PSY_magi_random_dungeon_base_NW", "PSY_magi_random_dungeon_base_NE" ],
    [ "PSY_magi_random_dungeon_base_SW", "PSY_magi_random_dungeon_base_SE" ]
    ],
    "weight": 500,
    "object": {
      "fill_ter": "t_region_groundcover",
      "//":"tate48xyoko48",
      "rows": [
        "........................||||||||||||||||||||||||",
        "........................||||||||||||||||||||||||",
        "........................||||||||||||||||||||||||",
        "........................||||||||||||||||||||||||",
        "........................||||||||||||||||||||||||",
        "........................||||||||||||||||||||||||",
        "........................||||||||||||||||||||||||",
        "........................||||||||||||||||||||||||",
        "........................||||||||||||||||||||||||",
        "........................||||||||||||||||||||||||",
        "........................||||||||||||||||||||||||",
        "........................||||||||||||||||||||||||",
        "........................||||||||||||||||||||||||",
        "........................||||||||||||||||||||||||",
        "........................||||||||||||||||||||||||",
        "........................||||||||||||||||||||||||",
        "........................||||||||||||||||||||||||",
        "........................||||||||||||||||||||||||",
        "........................||||||||||||||||||||||||",
        "........................||||||||||||||||||||||||",
        "........................||||||||||||||||||||||||",
        "........................||||||||||||||||||||||||",
        "........................||||||||||||||||||||||||",
        "........................||||||||||||||||||||||||",
        "!!!!!!!!!!!!!!!!!!!!!!!!////////////////////////",
        "!!!!!!!!!!!!!!!!!!!!!!!!////////////////////////",
        "!!!!!!!!!!!!!!!!!!!!!!!!////////////////////////",
        "!!!!!!!!!!!!!!!!!!!!!!!!////////////////////////",
        "!!!!!!!!!!!!!!!!!!!!!!!!////////////////////////",
        "!!!!!!!!!!!!!!!!!!!!!!!!////////////////////////",
        "!!!!!!!!!!!!!!!!!!!!!!!!////////////////////////",
        "!!!!!!!!!!!!!!!!!!!!!!!!////////////////////////",
        "!!!!!!!!!!!!!!!!!!!!!!!!////////////////////////",
        "!!!!!!!!!!!!!!!!!!!!!!!!////////////////////////",
        "!!!!!!!!!!!!!!!!!!!!!!!!////////////////////////",
        "!!!!!!!!!!!!!!!!!!!!!!!!////////////////////////",
        "!!!!!!!!!!!!!!!!!!!!!!!!////////////////////////",
        "!!!!!!!!!!!!!!!!!!!!!!!!////////////////////////",
        "!!!!!!!!!!!!!!!!!!!!!!!!////////////////////////",
        "!!!!!!!!!!!!!!!!!!!!!!!!////////////////////////",
        "!!!!!!!!!!!!!!!!!!!!!!!!////////////////////////",
        "!!!!!!!!!!!!!!!!!!!!!!!!////////////////////////",
        "!!!!!!!!!!!!!!!!!!!!!!!!////////////////////////",
        "!!!!!!!!!!!!!!!!!!!!!!!!////////////////////////",
        "!!!!!!!!!!!!!!!!!!!!!!!!////////////////////////",
        "!!!!!!!!!!!!!!!!!!!!!!!!////////////////////////",
        "||||||||||||||||||||||||////////////////////////",
        "||||||||||||||||||||||||////////////////////////"
      ],
      "palettes": [ "PSY_magi_random_dungeon_pelette" ],
      "nested": {
        "1": {
          "chunks": [
            [ "room_6x6_brewer_E", 10 ],
            [ "room_6x6_guns_N", 10 ],
            [ "room_6x6_junk_E", 10 ],
            [ "room_6x6_office_E", 10 ],
            [ "6x6_sewing_open", 10 ],
            [ "6x6_electronics_open", 10 ]
          ]
        }
      }
    }
},

    {
        "type": "mapgen",
        "method": "json",
        "om_terrain":[
        [ "PSY_magi_random_dungeon_0_NW", "PSY_magi_random_dungeon_0_NE" ],
        [ "PSY_magi_random_dungeon_0_SW", "PSY_magi_random_dungeon_0_SE" ]
        ],
        "weight": 500,
        "object": {
          "fill_ter": "t_dirt",
          "//":"tate48xyoko48",
          "rows": [
            "........................||||||||||||||||||||||||",
            "........................||||||||||||||||||||||||",
            "........................||||||||||||||||||||||||",
            "........................||||||||||||||||||||||||",
            "........................||||||||||||||||||||||||",
            "........................||||||||||||||||||||||||",
            "........................||||||||||||||||||||||||",
            "........................||||||||||||||||||||||||",
            "........................||||||||||||||||||||||||",
            ".........||+||..........||||||||||||||||||||||||",
            ".........|...|..........||||||||||||||||||||||||",
            ".........|.>.|..........||||||||||||||||||||||||",
            ".........|...|..........||||||||||||||||||||||||",
            ".........|||||..........||||||||||||||||||||||||",
            "........................||||||||||||||||||||||||",
            "........................||||||||||||||||||||||||",
            "........................||||||||||||||||||||||||",
            "........................||||||||||||||||||||||||",
            "........................||||||||||||||||||||||||",
            "........................||||||||||||||||||||||||",
            "........................||||||||||||||||||||||||",
            "........................||||||||||||||||||||||||",
            "........................||||||||||||||||||||||||",
            "........................||||||||||||||||||||||||",
            "!!!!!!!!!!!!!!!!!!!!!!!!////////////////////////",
            "!!!!!!!!!!!!!!!!!!!!!!!!////////////////////////",
            "!!!!!!!!!!!!!!!!!!!!!!!!////////////////////////",
            "!!!!!!!!!!!!!!!!!!!!!!!!////////////////////////",
            "!!!!!!!!!!!!!!!!!!!!!!!!////////////////////////",
            "!!!!!!!!!!!!!!!!!!!!!!!!////////////////////////",
            "!!!!!!!!!!!!!!!!!!!!!!!!////////////////////////",
            "!!!!!!!!!!!!!!!!!!!!!!!!////////////////////////",
            "!!!!!!!!!!!!!!!!!!!!!!!!////////////////////////",
            "!!!!!!!!!!!!!!!!!!!!!!!!////////////////////////",
            "!!!!!!!!!!!!!!!!!!!!!!!!////////////////////////",
            "!!!!!!!!!!!!!!!!!!!!!!!!////////////////////////",
            "!!!!!!!!!!!!!!!!!!!!!!!!////////////////////////",
            "!!!!!!!!!!!!!!!!!!!!!!!!////////////////////////",
            "!!!!!!!!!!!!!!!!!!!!!!!!////////////////////////",
            "!!!!!!!!!!!!!!!!!!!!!!!!////////////////////////",
            "!!!!!!!!!!!!!!!!!!!!!!!!////////////////////////",
            "!!!!!!!!!!!!!!!!!!!!!!!!////////////////////////",
            "!!!!!!!!!!!!!!!!!!!!!!!!////////////////////////",
            "!!!!!!!!!!!!!!!!!!!!!!!!////////////////////////",
            "!!!!!!!!!!!!!!!!!!!!!!!!////////////////////////",
            "!!!!!!!!!!!!!!!!!!!!!!!!////////////////////////",
            "||||||||||||||||||||||||////////////////////////",
            "||||||||||||||||||||||||////////////////////////"
          ],
          "palettes": [ "PSY_magi_random_dungeon_field_pelette" ],
          "nested": {
            "1": {
              "//3":"nested_24x24_NW",
              "chunks": [
                [ "PSY_magi_room_24x24_7room_NSWE", 5 ],
                [ "PSY_magi_room_24x24_5room_NSWE", 10 ],
                [ "PSY_magi_room_24x24_4room_NW", 10 ]
              ]
            },
            "2": {
              "//3":"nested_24x24_NE",
              "chunks": [
                [ "PSY_magi_room_24x24_null_base", 10 ],
                [ "PSY_magi_room_24x24_5room_NSWE", 10 ],
                [ "PSY_magi_room_24x24_4room_NE", 10 ]
              ]
            },
            "3": {
              "//3":"nested_24x24_SW",
              "chunks": [                 
                [ "PSY_magi_room_24x24_null_base", 10 ],
                [ "PSY_magi_room_24x24_5room_NSWE", 10 ],
                [ "PSY_magi_room_24x24_4room_SW", 10 ]
              ]
            },
            "4": {
              "//3":"nested_24x24_SE",
              "chunks": [
                [ "PSY_magi_room_24x24_null_base", 10 ],
                [ "PSY_magi_room_24x24_5room_NSWE", 10 ],
                [ "PSY_magi_room_24x24_4room_SE", 10 ]
              ]
            }
          }
        }
    },
    {
        "type": "palette",
        "id": "PSY_magi_random_dungeon_field_pelette",
        "terrain": {
          ",": "t_platform_resin",
          "#": "t_wall_w",
          "/": "t_rock",
          "!": "t_rock",
          "|": "t_rock",
          ".": "t_dirt",
          "1": "t_rock",
          "2": "t_rock",
          "3": "t_rock",
          "4": "t_rock",
          "+": "t_door_c",
          "<": "t_slope_up",
          ">": "t_slope_down",
          "p": "t_platform_resin",
          "v": "t_open_air",
          "_": "t_tile_flat_roof",
          "@": "t_null"
        }
    },

    {
      "type": "mapgen",
      "method": "json",
      "om_terrain":[
      [ "PSY_magi_random_dungeon_1_NW", "PSY_magi_random_dungeon_1_NE" ],
      [ "PSY_magi_random_dungeon_1_SW", "PSY_magi_random_dungeon_1_SE" ]
      ],
      "weight": 500,
      "object": {
        "fill_ter": "t_dirt",
        "//":"tate48xyoko48",
        "rows": [
          "8.......................2|||||||||||||||||||||||",
          "........................||||||||||||||||||||||||",
          "........................||||||||||||||||||||||||",
          "........................||||||||||||||||||||||||",
          "........................||||||||||||||||||||||||",
          "........................||||||||||||||||||||||||",
          "........................||||||||||||||||||||||||",
          "........................||||||||||||||||||||||||",
          "........................||||||||||||||||||||||||",
          "........................||||||||||||||||||||||||",
          "..........___...........||||||||||||||||||||||||",
          ".........._<_...........||||||||||||||||||||||||",
          "..........___...........||||||||||||||||||||||||",
          "........................||||||||||||||||||||||||",
          "........................||||||||||||||||||||||||",
          "........................||||||||||||||||||||||||",
          "........................||||||||||||||||||||||||",
          "........................||||||||||||||||||||||||",
          "........................||||||||||||||||||||||||",
          "........................||||||||||||||||||||||||",
          "........................||||||||||||||||||||||||",
          "........................||||||||||||||||||||||||",
          "........................||||||||||||||||||||||||",
          "........................||||||||||||||||||||||||",
          "3!!!!!!!!!!!!!!!!!!!!!!!9///////////////////////",
          "!!!!!!!!!!!!!!!!!!!!!!!!////////////////////////",
          "!!!!!!!!!!!!!!!!!!!!!!!!////////////////////////",
          "!!!!!!!!!!!!!!!!!!!!!!!!////////////////////////",
          "!!!!!!!!!!!!!!!!!!!!!!!!////////////////////////",
          "!!!!!!!!!!!!!!!!!!!!!!!!////////////////////////",
          "!!!!!!!!!!!!!!!!!!!!!!!!////////////////////////",
          "!!!!!!!!!!!!!!!!!!!!!!!!////////////////////////",
          "!!!!!!!!!!!!!!!!!!!!!!!!////////////////////////",
          "!!!!!!!!!!!!!!!!!!!!!!!!////////////////////////",
          "!!!!!!!!!!!!!!!!!!!!!!!!////////////////////////",
          "!!!!!!!!!!!!!!!!!!!!!!!!////////////////////////",
          "!!!!!!!!!!!!!!!!!!!!!!!!////////////////////////",
          "!!!!!!!!!!!!!!!!!!!!!!!!////////////////////////",
          "!!!!!!!!!!!!!!!!!!!!!!!!////////////////////////",
          "!!!!!!!!!!!!!!!!!!!!!!!!////////////////////////",
          "!!!!!!!!!!!!!!!!!!!!!!!!////////////////////////",
          "!!!!!!!!!!!!!!!!!!!!!!!!////////////////////////",
          "!!!!!!!!!!!!!!!!!!!!!!!!////////////////////////",
          "!!!!!!!!!!!!!!!!!!!!!!!!////////////////////////",
          "!!!!!!!!!!!!!!!!!!!!!!!!////////////////////___/",
          "!!!!!!!!!!!!!!!!!!!!!!!!////////////////////_>_/",
          "||||||||||||||||||||||||////////////////////___/",
          "||||||||||||||||||||||||////////////////////////"
        ],
        "palettes": [ "PSY_magi_random_dungeon_pelette" ],
        "nested": {
          "8": {
            "//3":"nested_24x24_NW",
            "chunks": [
              [ "PSY_magi_room_24x24_center_NW", 10 ]
            ]
          },
          "9": {
            "//3":"nested_24x24_SW",
            "chunks": [                 
              [ "PSY_magi_room_24x24_rightdown_SE", 10 ]
            ]
          }
        }
      }
  },

  {
    "type": "mapgen",
    "method": "json",
    "om_terrain":[
    [ "PSY_magi_random_dungeon_2_NW", "PSY_magi_random_dungeon_2_NE" ],
    [ "PSY_magi_random_dungeon_2_SW", "PSY_magi_random_dungeon_2_SE" ]
    ],
    "weight": 500,
    "object": {
      "fill_ter": "t_dirt",
      "//":"tate48xyoko48",
      "rows": [
        "1.......................8|||||||||||||||||||||||",
        "........................|___||||||||||||||||||||",
        "........................|_>_||||||||||||||||||||",
        "........................|___||||||||||||||||||||",
        "........................||||||||||||||||||||||||",
        "........................||||||||||||||||||||||||",
        "........................||||||||||||||||||||||||",
        "........................||||||||||||||||||||||||",
        "........................||||||||||||||||||||||||",
        "........................||||||||||||||||||||||||",
        "........................||||||||||||||||||||||||",
        "........................||||||||||||||||||||||||",
        "........................||||||||||||||||||||||||",
        "........................||||||||||||||||||||||||",
        "........................||||||||||||||||||||||||",
        "........................||||||||||||||||||||||||",
        "........................||||||||||||||||||||||||",
        "........................||||||||||||||||||||||||",
        "........................||||||||||||||||||||||||",
        "........................||||||||||||||||||||||||",
        "........................||||||||||||||||||||||||",
        "........................||||||||||||||||||||||||",
        "........................||||||||||||||||||||||||",
        "........................||||||||||||||||||||||||",
        "3!!!!!!!!!!!!!!!!!!!!!!!9///////////////////////",
        "!!!!!!!!!!!!!!!!!!!!!!!!////////////////////////",
        "!!!!!!!!!!!!!!!!!!!!!!!!////////////////////////",
        "!!!!!!!!!!!!!!!!!!!!!!!!////////////////////////",
        "!!!!!!!!!!!!!!!!!!!!!!!!////////////////////////",
        "!!!!!!!!!!!!!!!!!!!!!!!!////////////////////////",
        "!!!!!!!!!!!!!!!!!!!!!!!!////////////////////////",
        "!!!!!!!!!!!!!!!!!!!!!!!!////////////////////////",
        "!!!!!!!!!!!!!!!!!!!!!!!!////////////////////////",
        "!!!!!!!!!!!!!!!!!!!!!!!!////////////////////////",
        "!!!!!!!!!!!!!!!!!!!!!!!!////////////////////////",
        "!!!!!!!!!!!!!!!!!!!!!!!!////////////////////////",
        "!!!!!!!!!!!!!!!!!!!!!!!!////////////////////////",
        "!!!!!!!!!!!!!!!!!!!!!!!!////////////////////////",
        "!!!!!!!!!!!!!!!!!!!!!!!!////////////////////////",
        "!!!!!!!!!!!!!!!!!!!!!!!!////////////////////////",
        "!!!!!!!!!!!!!!!!!!!!!!!!////////////////////////",
        "!!!!!!!!!!!!!!!!!!!!!!!!////////////////////////",
        "!!!!!!!!!!!!!!!!!!!!!!!!////////////////////////",
        "!!!!!!!!!!!!!!!!!!!!!!!!////////////////////////",
        "!!!!!!!!!!!!!!!!!!!!!!!!////////////////////___/",
        "!!!!!!!!!!!!!!!!!!!!!!!!////////////////////_<_/",
        "||||||||||||||||||||||||////////////////////___/",
        "||||||||||||||||||||||||////////////////////////"
      ],
      "palettes": [ "PSY_magi_random_dungeon_pelette" ],
      "nested": {
        "8": {
          "//3":"nested_24x24_NW",
          "chunks": [
            [ "PSY_magi_room_24x24_leftup_NE", 10 ]
          ]
        },
        "9": {
          "//3":"nested_24x24_SW",
          "chunks": [                 
            [ "PSY_magi_room_24x24_rightdown_SE", 10 ]
          ]
        }
      }
    }
},

{
  "type": "mapgen",
  "method": "json",
  "om_terrain":[
  [ "PSY_magi_random_dungeon_3_NW", "PSY_magi_random_dungeon_3_NE" ],
  [ "PSY_magi_random_dungeon_3_SW", "PSY_magi_random_dungeon_3_SE" ]
  ],
  "weight": 500,
  "object": {
    "fill_ter": "t_dirt",
    "//":"tate48xyoko48",
    "rows": [
      "1.......................8|||||||||||||||||||||||",
      "........................|___||||||||||||||||||||",
      "........................|_<_||||||||||||||||||||",
      "........................|___||||||||||||||||||||",
      "........................||||||||||||||||||||||||",
      "........................||||||||||||||||||||||||",
      "........................||||||||||||||||||||||||",
      "........................||||||||||||||||||||||||",
      "........................||||||||||||||||||||||||",
      "........................||||||||||||||||||||||||",
      "........................||||||||||||||||||||||||",
      "........................||||||||||||||||||||||||",
      "........................||||||||||||||||||||||||",
      "........................||||||||||||||||||||||||",
      "........................||||||||||||||||||||||||",
      "........................||||||||||||||||||||||||",
      "........................||||||||||||||||||||||||",
      "........................||||||||||||||||||||||||",
      "........................||||||||||||||||||||||||",
      "........................||||||||||||||||||||||||",
      "........................||||||||||||||||||||||||",
      "........................||||||||||||||||||||||||",
      "........................||||||||||||||||||||||||",
      "........................||||||||||||||||||||||||",
      "3!!!!!!!!!!!!!!!!!!!!!!!4///////////////////////",
      "!!!!!!!!!!!!!!!!!!!!!!!!////////////////////////",
      "!!!!!!!!!!!!!!!!!!!!!!!!////////////////////////",
      "!!!!!!!!!!!!!!!!!!!!!!!!////////////////////////",
      "!!!!!!!!!!!!!!!!!!!!!!!!////////////////////////",
      "!!!!!!!!!!!!!!!!!!!!!!!!////////////////////////",
      "!!!!!!!!!!!!!!!!!!!!!!!!////////////////////////",
      "!!!!!!!!!!!!!!!!!!!!!!!!////////////////////////",
      "!!!!!!!!!!!!!!!!!!!!!!!!////////////////////////",
      "!!!!!!!!!!!!!!!!!!!!!!!!////////////////////////",
      "!!!!!!!!!!!!!!!!!!!!!!!!////////////////////////",
      "!!!!!!!!!!!!!!!!!!!!!!!!////////////////////////",
      "!!!!!!!!!!!!!!!!!!!!!!!!////////////////////////",
      "!!!!!!!!!!!!!!!!!!!!!!!!////////////////////////",
      "!!!!!!!!!!!!!!!!!!!!!!!!////////////////////////",
      "!!!!!!!!!!!!!!!!!!!!!!!!////////////////////////",
      "!!!!!!!!!!!!!!!!!!!!!!!!////////////////////////",
      "!!!!!!!!!!!!!!!!!!!!!!!!////////////////////////",
      "!!!!!!!!!!!!!!!!!!!!!!!!////////////////////////",
      "!!!!!!!!!!!!!!!!!!!!!!!!////////////////////////",
      "!!!!!!!!!!!!!!!!!!!!!!!!////////////////////////",
      "!!!!!!!!!!!!!!!!!!!!!!!!////////////////////////",
      "||||||||||||||||||||||||////////////////////////",
      "||||||||||||||||||||||||////////////////////////"
    ],
    "palettes": [ "PSY_magi_random_dungeon_pelette" ],
    "nested": {
      "8": {
        "//3":"nested_24x24_NW",
        "chunks": [
          [ "PSY_magi_room_24x24_leftup_NE", 10 ]
        ]
      },
      "9": {
        "//3":"nested_24x24_SW",
        "chunks": [                 
          [ "PSY_magi_room_24x24_rightdown_SE", 10 ]
        ]
      }
    }
  }
}


]