[

    {
        "type": "effect_type",
        "id": "PSY_magi_slow",
        "name": [ 
          "Slow", 
          "Slow[2]",
          "Slow[3](max)"
        
        ],
        "desc": [ "Decreased your movement for a short period." ],
        "apply_message": "slowed.",
        "remove_message": "No more slowed.",
        "max_intensity": 3,
        "int_add_val": 1,
        "base_mods": { "speed_mod": [ -100 ], "dex_mod": [ -1 ] },
        "scaling_mods": { 
          "speed_mod": [ -50 ],
          "dex_mod": [ -1 ]
        },
        "show_in_info": true
    },

    {
      "type": "effect_type",
      "id": "PSY_magi_weak_slow",
      "name": [ 
        "Slow", 
        "Slow[2]",
        "Slow[3](max)"
      
      ],
      "desc": [ "Decreased your movement for a short period." ],
      "apply_message": "slowed.",
      "remove_message": "No more slowed.",
      "max_intensity": 3,
      "int_add_val": 1,
      "max_duration": "5 seconds",
      "base_mods": { "speed_mod": [ -30 ], "dex_mod": [ -1 ] },
      "scaling_mods": { 
        "speed_mod": [ -10 ],
        "dex_mod": [ -1 ]
      },
      "show_in_info": true
  },

    {
      "type": "effect_type",
      "id": "PSY_magi_remove_teleglow",
      "name": [ "Remove Taint" ],
      "desc": [ "You are immune from tainted effect" ],
      "apply_message": "You feel better!",
      "remove_message": "No more immune from taint.",
      "rating": "good",
      "removes_effects": [ "taint" ]
    },

    {
      "type": "effect_type",
      "id": "PSY_magi_remove_nausea",
      "name": [ "Remove Nausea" ],
      "desc": [ "You removed Nausea effect" ],
      "apply_message": "You feel better!",
      "remove_message": "oups, your stomach",
      "rating": "good",
      "max_duration": "5 m",
      "removes_effects": [ "nausea" ]
    },

    {
      "type": "effect_type",
      "id": "PSY_magi_remove_stunned",
      "name": [ "Remove Stunned" ],
      "desc": [ "You removed Nausea effect" ],
      "rating": "good",
      "max_duration": "1 m",
      "removes_effects": [ "stunned" ]
    },

    {
      "type": "effect_type",
      "id": "PSY_magi_allow_pay",
      "name": [ 
        "Allow_pay"
      ],
      "desc": [ "Decreased your movement for a short period." ],
      "apply_message": "Payable.",
      "remove_message": "No more payable.",
      "max_intensity": 1,
      "flags": [ "PAY_BOT","DOGFOOD","CATFOOD","BIRDFOOD" ]
  },

  {
    "type": "effect_type",
    "id": "PSY_magi_cold_slow",
    "name": [ 
      "Cold Slow", 
      "Cold Slow[2]",
      "Cold Slow[3]",
      "Cold Slow[4]",
      "Cold Slow[5]",
      "Cold Slow[6]",
      "Cold Slow[7]",
      "Cold Slow[8]",
      "Cold Slow[9]",
      "Cold Slow[10](max)"
    
    ],
    "desc": [ "Decreased your movement for a short period." ],
    "apply_message": "cold slowed.",
    "remove_message": "No more slowed.",
    "max_intensity": 10,
    "int_add_val": 1,
    "base_mods": { "speed_mod": [ -10 ], "dex_mod": [ -1 ] },
    "scaling_mods": { 
      "speed_mod": [ -5 ]
    },
    "show_in_info": true
  },

  {
    "type": "effect_type",
    "id": "PSY_magi_haste_invisibility",
    "name": [ "Emagency Invisible" ],
    "desc": [ "You are invisible and haste your movement by 100." ],
    "base_mods": { "speed_mod": [ 100 ] },
    "flags": [ "EFFECT_INVISIBLE" ]
  },

  {
    "type": "effect_type",
    "id": "PSY_magi_haste_200",
    "name": [ "Emagency haste" ],
    "desc": [ "haste your movement by 200." ],
    "base_mods": { "speed_mod": [ 200 ] }
  },

  {
    "type": "effect_type",
    "id": "PSY_magi_tangled",
    "name": [ "Tangled" ],
    "desc": [ "You are entangled in vines!" ],
    "apply_message": "You are entangled in vines!!",
    "rating": "bad",
    "miss_messages": [ [ "The vines restrict your movement.", 4 ] ],
    "max_intensity": 3,
    "base_mods": { "speed_mod": [ -50 ] },
    "scaling_mods": { "speed_mod": [ -15 ] },
    "show_in_info": true
  },

  {
    "type": "effect_type",
    "id": "PSY_magi_weak_accelerating",
    "name":  [ 
      "Accelerating",
      "Accelerating[2]", 
      "Accelerating[3]",
      "Accelerating[4]",
      "Accelerating[5]",
      "Accelerating[6]",
      "Accelerating[7]",
      "Accelerating[8]",
      "Accelerating[9]",
      "Accelerating[10]"        
    ],
    "desc": [ "Your movement is accelerating by the field!" ],
    "rating": "good",
    "max_duration": "30 seconds",
    "max_intensity": 10,
    "int_add_val": 1,
    "int_decay_tick": 1,
    "base_mods": { "speed_mod": [ 20 ] },
    "scaling_mods": { "speed_mod": [ 5 ] },
    "show_in_info": true
  },

  {
    "type": "effect_type",
    "id": "PSY_magi_accelerating",
    "name":  [ 
      "Accelerating",
      "Accelerating[2]", 
      "Accelerating[3]",
      "Accelerating[4]",
      "Accelerating[5]",
      "Accelerating[6]",
      "Accelerating[7]",
      "Accelerating[8]",
      "Accelerating[9]",
      "Accelerating[10]"        
    ],
    "desc": [ "Your movement is accelerating by the field!" ],
    "rating": "good",
    "max_duration": "15 seconds",
    "max_intensity": 10,
    "int_add_val": 1,
    "int_decay_tick": 1,
    "base_mods": { "speed_mod": [ 50 ] },
    "scaling_mods": { "speed_mod": [ 25 ] },
    "show_in_info": true
  },

  {
    "type": "effect_type",
    "id": "PSY_magi_in_sanctuary",
    "name":  [ 
      "Sanctuary"      
    ],
    "desc": [ "You are in sanctuary ! While you're in it, immune to stunned and dazed, also buffed all status then recover 50 of stamina every second." ],
    "rating": "good",
    "max_duration": "8 seconds",
    "max_intensity": 1,
    "base_mods": { "str_mod": [ 5 ], "dex_mod": [ 5 ], "per_mod": [ 5 ], "int_mod": [ 5 ], "stamina_min": [ 50 ], "speed_mod": [ 30 ] },
    "scaling_mods": { "speed_mod": [ 10 ] },
    "removes_effects": [ "stunned", "dazed" ],
    "show_in_info": true
  },

  {
    "type": "effect_type",
    "id": "PSY_magi_foods_int",
    "name":  [ 
      "Foods:INT UP"      
    ],
    "desc": [ "You ate a picked apple and gained int buff." ],
    "rating": "good",
    "max_duration": "600 seconds",
    "max_intensity": 1,
    "base_mods": { "int_mod": [ 2 ], "stamina_amount": [ 1000 ], "hunger_amount": [ -10 ],"thirst_amount": [ -5 ] },
    "show_in_info": true
  },

  {
    "type": "effect_type",
    "id": "PSY_magi_foods_str",
    "name":  [ 
      "Foods:STR UP"      
    ],
    "desc": [ "You ate  picked strawberries and gained str buff." ],
    "rating": "good",
    "max_duration": "600 seconds",
    "max_intensity": 1,
    "base_mods": { "str_mod": [ 2 ], "stamina_amount": [ 1000 ], "hunger_amount": [ -10 ],"thirst_amount": [ -5 ] },
    "show_in_info": true
  },

  {
    "type": "effect_type",
    "id": "PSY_magi_foods_dex",
    "name":  [ 
      "Foods:DEX UP"      
    ],
    "desc": [ "You ate a picked banana and gained dex buff." ],
    "rating": "good",
    "max_duration": "600 seconds",
    "max_intensity": 1,
    "base_mods": { "dex_mod": [ 2 ], "stamina_amount": [ 1000 ], "hunger_amount": [ -10 ],"thirst_amount": [ -5 ] },
    "show_in_info": true
  },

  {
    "type": "effect_type",
    "id": "PSY_magi_foods_per",
    "name":  [ 
      "Foods:PER UP"      
    ],
    "desc": [ "You ate picked blueberries and gained per buff." ],
    "rating": "good",
    "max_duration": "600 seconds",
    "max_intensity": 1,
    "base_mods": { "per_mod": [ 2 ],"stamina_amount": [ 1000 ], "hunger_amount": [ -10 ],"thirst_amount": [ -5 ] },
    "show_in_info": true
  },

  {
    "type": "effect_type",
    "id": "PSY_magi_foods_speed",
    "name":  [ 
      "Foods:SPEED UP"      
    ],
    "desc": [ "You ate a picked lemon and gained speed buff." ],
    "rating": "good",
    "max_duration": "600 seconds",
    "max_intensity": 1,
    "base_mods": { "speed_mod": [ 20 ],"stamina_amount": [ 1000 ], "hunger_amount": [ -10 ],"thirst_amount": [ -5 ] },
    "show_in_info": true
  },

  {
    "type": "effect_type",
    "id": "PSY_magi_STR_DOWN",
    "name":  [ 
      "STR DOWN"      
    ],
    "desc": [ "You ate  picked strawberries and gained str buff." ],
    "rating": "bad",
    "max_duration": "600 seconds",
    "max_intensity": 1,
    "base_mods": { "str_mod": [ 99 ]},
    "show_in_info": true
  },

  {
    "type": "effect_type",
    "id": "PSY_magi_DEX_DOWN",
    "name":  [ 
      "DEX DOWN"      
    ],
    "desc": [ "You ate  picked strawberries and gained str buff." ],
    "rating": "bad",
    "max_duration": "600 seconds",
    "max_intensity": 1,
    "base_mods": { "dex_mod": [ 99 ]},
    "show_in_info": true
  },

  {
    "type": "effect_type",
    "id": "PSY_magi_PER_DOWN",
    "name":  [ 
      "PER DOWN"      
    ],
    "desc": [ "You ate  picked strawberries and gained str buff." ],
    "rating": "bad",
    "max_duration": "600 seconds",
    "max_intensity": 1,
    "base_mods": { "per_mod": [ 99 ]},
    "show_in_info": true
  },

  {
    "type": "effect_type",
    "id": "PSY_magi_caltrop_slow",
    "name": [ 
      "Injured by a caltrop"
    ],
    "desc": [ "Your legs are hurting, Decreased your movement be continuous damaged from it's effect." ],
    "apply_message": "Injured by a caltrop.",
    "remove_message": "caltrop Injury has healed.",
    "max_duration": "30 seconds",
    "max_intensity": 3,
    "base_mods": { 
      "speed_mod": [ -20 ],               
      "dex_mod": [ -1 ], 
      "hurt_min": [ 4 ],             
      "hurt_chance": [ 5 ]
    },
    "scaling_mods": { 
      "speed_mod": [ -10 ],
      "dex_mod": [ -1 ]
    },
    "show_in_info": true
  },

  {
    "type": "effect_type",
    "id": "PSY_magi_plague_slow",
    "name": [ 
      "Plague"
    ],
    "desc": [ "You got plague from totem. Decreased your movement and be continuous damaged from it's effect." ],
    "apply_message": "You got plague from totem.",
    "remove_message": "Plague has healed.",
    "max_duration": "15 seconds",
    "max_intensity": 1,
    "base_mods": { 
      "speed_mod": [ -35 ],               
      "dex_mod": [ -1 ], 
      "hurt_min": [ 7 ],             
      "hurt_chance": [ 3 ]
    },
    "scaling_mods": { 
      "speed_mod": [ -10 ],
      "dex_mod": [ -1 ]
    },
    "show_in_info": true
  },

  {
    "type": "effect_type",
    "id": "PSY_magi_Strengthening",
    "name":  [ 
      "Strengthening"      
    ],
    "desc": [ "You are Strengthened by totem ! immune to stunned, buffed all status then recover 25 of stamina every seconds." ],
    "rating": "good",
    "max_duration": "135 seconds",
    "max_intensity": 1,
    "base_mods": { "str_mod": [ 2 ], "dex_mod": [ 2 ], "per_mod": [ 2 ], "int_mod": [ 2 ], "stamina_min": [ 25 ], "speed_mod": [ 15 ] },
    "removes_effects": [ "stunned" ],
    "show_in_info": true
  },

  {
    "type": "effect_type",
    "id": "PSY_magi_healing_air_effect",
    "name":  [ 
      "Aura of Healing"      
    ],
    "desc": [ "My body is healed by being near the crystal." ],
    "rating": "good",
    "max_duration": "135 seconds",
    "max_intensity": 1,
    "base_mods": {
      "health_min": [ 1 ],
      "health_chance": [ 5 ],
      "h_mod_min": [ 1 ],
      "h_mod_chance": [ 5 ],
      "pain_tick": [ 10 ],
      "pain_min": [ -1 ],
      "hunger_min": [ 1 ], 
      "hunger_chance": [ 18, 36 ]
    },
    "removes_effects": ["bleed", "common_cold"],
    "show_in_info": true
  },

  {
    "type": "effect_type",
    "id": "PSY_magi_speed_rising_air_effect",
    "name": [ 
      "Aura of Speed rising", 
      "Speed rising air[2]",
      "Speed rising air[3](max)"
    
    ],
    "desc": [ "Increased your movement for a short period." ],
    "max_intensity": 3,
    "int_add_val": 1,
    "rating": "good",
    "max_duration": "10 seconds",
    "base_mods": { "speed_mod": [ 30 ], "dex_mod": [ 1 ] },
    "scaling_mods": { 
      "speed_mod": [ 10 ],
      "dex_mod": [ 1 ]
    },
    "show_in_info": true
  },

  {
    "type": "effect_type",
    "id": "PSY_magi_stamina_recover_air_effect",
    "name": [ 
      "Aura of Stamina Recovery", 
      "Aura of Stamina Recovery[2]",
      "Aura of Stamina Recovery[3](max)"
    
    ],
    "desc": [ "I feel like I could run forever." ],
    "max_intensity": 3,
    "int_add_val": 1,
    "rating": "good",
    "max_duration": "10 seconds",
    "base_mods": { "str_mod": [ 1 ], "stamina_min": [ 200 ] },
    "scaling_mods": { 
      "stamina_min": [ 100 ],
      "str_mod": [ 1 ]
    },
    "show_in_info": true
  },

  {
    "type": "effect_type",
    "id": "PSY_magi_cursed_air_effect",
    "name":  [ 
      "Aura of Cursed"      
    ],
    "desc": [ "You are cursed because of the crystal. Hurry up and destroy the crystal or leave the place!" ],
    "rating": "bad",
    "max_duration": "15 seconds",
    "max_intensity": 1,
    "int_add_val": 1,
    "base_mods": { "str_mod": [ -1 ], "dex_mod": [ -1 ], "per_mod": [ -1 ], "int_mod": [ -2 ], "speed_mod": [ -15 ] },
    "show_in_info": true
  }



]