[

    {
        "id": "PSY_magi_mon_push_orb",
        "type": "MONSTER",
        "name": "hurricane",
        "description": "tornado that push nearest enemy far away.",
        "default_faction": "PSY_magi_summoned_monster",
        "bodytype": "blob",
        "looks_like": "fd_fatigue",
        "species": [ "PSY_MAGI_SUMMONED_MONS" ],
        "volume": "1500 ml",
        "weight": "136 g",
        "hp": 40,
        "speed": 999,
        "luminance": 5,
        "material": [ "powder" ],
        "symbol": "o",
        "color": "yellow",
        "aggression": 100,
        "morale": 100,
        "melee_skill": 0,
        "melee_dice": 10,
        "melee_dice_sides": 3,
        "dodge": 15,
        "vision_day": 50,
        "vision_night": 50,
        "harvest": "exempt",
        "death_drops": {  },
        "special_attacks": [ [ "SMASH", 0 ] ],
        "death_function": [ "DISAPPEAR" ],
        "flags": [
          "FLIES",
          "PATH_AVOID_DANGER_1",
          "HARDTOSHOOT",
          "NOGIB",
          "NOHEAD",
          "NO_BREATHE",
          "COLDPROOF", 
          "FIREPROOF",
          "ACIDPROOF",
          "PACIFIST",
          "IMMOBILE"
        ]
      },

      {
        "id": "PSY_magi_mon_vine_tentacle",
        "type": "MONSTER",
        "name": "Plant tentacle",
        "description": "Big plant tentacle that pulls nearby enemy and attack with its long body.",
        "default_faction": "PSY_magi_summoned_monster",
        "bodytype": "blob",
        "looks_like": "fd_fatigue",
        "species": [ "PSY_MAGI_SUMMONED_MONS" ],
        "volume": "1500 ml",
        "weight": "1360 g",
        "hp": 80,
        "speed": 100,
        "material": [ "powder" ],
        "symbol": "o",
        "color": "yellow",
        "aggression": 100,
        "morale": 100,
        "melee_skill": 6,
        "melee_dice": 8,
        "melee_dice_sides": 3,
        "melee_cut": 0,
        "dodge": 3,
        "vision_day": 10,
        "vision_night": 5,
        "harvest": "exempt",
        "death_drops": {  },
        "death_function": [ "DISAPPEAR" ],
        "special_attacks": 
            [  
              [ "RANGED_PULL", 5 ], 
              {
                "type": "gun",
                "cooldown": 1,
                "move_cost": 100,
                "gun_type": "PSY_magi_fake_vine_whip",
                "fake_skills": [ [ "gun", 3 ], [ "rifle", 3 ] ],
                "fake_dex": 4,
                "fake_per": 4,
                "require_targeting_player": false,
                "ranges": [ [ 0, 2, "DEFAULT" ] ]
              }
            ],
        "flags": [
          "SEES",
          "HEARS",
          "HARDTOSHOOT",
          "NOGIB",
          "NOHEAD",
          "NO_BREATHE",
          "IMMOBILE"
        ]
      },

      {
        "id": "PSY_magi_mon_plant_shooter",
        "type": "MONSTER",
        "name": "Sentry plant",
        "description": "sentry-plant that shoots seeds to nearest enemy.",
        "default_faction": "PSY_magi_summoned_monster",
        "bodytype": "blob",
        "looks_like": "fd_fatigue",
        "species": [ "PSY_MAGI_SUMMONED_MONS" ],
        "volume": "1500 ml",
        "weight": "136 g",
        "hp": 60,
        "speed": 100,
        "material": [ "powder" ],
        "symbol": "o",
        "color": "yellow",
        "aggression": 100,
        "morale": 100,
        "melee_skill": 0,
        "melee_dice": 10,
        "melee_dice_sides": 3,
        "dodge": 1,
        "vision_day": 20,
        "vision_night": 5,
        "harvest": "exempt",
        "death_drops": {  },
        "special_attacks": [
          {
            "type": "gun",
            "cooldown": 3,
            "move_cost": 200,
            "gun_type": "PSY_magi_fake_seed_bio_gun",
            "fake_skills": [ [ "gun", 3 ], [ "rifle", 3 ] ],
            "fake_dex": 8,
            "fake_per": 8,
            "require_targeting_player": false,
            "description": "The plant fires seeds!",
            "ranges": [ [ 0, 15, "DEFAULT" ] ]
          }
        ],
        "death_function": [ "DISAPPEAR" ],
        "flags": [
          "SEES",
          "HEARS",
          "HARDTOSHOOT",
          "NOGIB",
          "NOHEAD",
          "NO_BREATHE",
          "IMMOBILE",
          "PACIFIST"
        ]
      },

      {
        "id": "PSY_magi_mon_resurrect_wisp",
        "type": "MONSTER",
        "name": "Resurrect orb",
        "description": "This flying orb resurrect near zombies.",
        "default_faction": "PSY_magi_summoned_monster",
        "bodytype": "blob",
        "looks_like": "mon_wisp",
        "species": [ "PSY_MAGI_SUMMONED_MONS" ],
        "volume": "1500 ml",
        "weight": "136 g",
        "hp": 40,
        "speed": 500,
        "luminance": 5,
        "material": [ "powder" ],
        "symbol": "o",
        "color": "yellow",
        "aggression": -99,
        "morale": 1,
        "melee_skill": 3,
        "melee_dice": 1,
        "melee_dice_sides": 4,
        "melee_damage": [ { "damage_type": "electric", "amount": 8 } ],
        "dodge": 15,
        "vision_day": 30,
        "vision_night": 30,
        "harvest": "exempt",
        "special_attacks": [ [ "RESURRECT", 0 ] ],
        "death_drops": {  },
        "death_function": [ "DISAPPEAR" ],
        "flags": [
          "FLIES",
          "HARDTOSHOOT",
          "NOGIB",
          "NOHEAD",
          "NO_BREATHE",
          "COLDPROOF", 
          "FIREPROOF",
          "ACIDPROOF",
          "PACIFIST",
          "STUMBLES"
        ]
      },

      {
        "id": "PSY_magi_mon_wisp",
        "type": "MONSTER",
        "name": "will-o-wisp",
        "description": "Will-o’-wisps can be yellow, white, green, or blue.  They are easily mistaken for lanterns, especially in the foggy marshes and swamps where they reside.",
        "default_faction": "PSY_magi_summoned_monster",
        "bodytype": "blob",
        "looks_like": "mon_wisp",
        "species": [ "PSY_MAGI_SUMMONED_MONS" ],
        "volume": "1500 ml",
        "weight": "136 g",
        "hp": 5,
        "speed": 200,
        "luminance": 45,
        "material": [ "powder" ],
        "symbol": "o",
        "color": "yellow",
        "aggression": -99,
        "morale": 1,
        "melee_skill": 3,
        "melee_dice": 1,
        "melee_dice_sides": 4,
        "melee_damage": [ { "damage_type": "electric", "amount": 8 } ],
        "dodge": 10,
        "vision_day": 30,
        "vision_night": 30,
        "harvest": "exempt",
        "death_drops": {  },
        "death_function": [ "DISAPPEAR" ],
        "flags": [
          "SEES",
          "HEARS",
          "FLIES",
          "ELECTRIC",
          "HARDTOSHOOT",
          "NOGIB",
          "NOHEAD",
          "NO_BREATHE",
          "SWARMS",
          "FIREPROOF",
          "ACIDPROOF",
          "COLDPROOF"
        ]
      },

      {
        "id": "PSY_magi_mon_flying_skul",
        "type": "MONSTER",
        "name": { "str": "Flying skul" },
        "description": "flying skul that deals cold damage to enemies while keeping a certain distance.",
        "default_faction": "PSY_magi_summoned_monster",
        "species": [ "PSY_MAGI_SUMMONED_MONS" ],
        "looks_like": "mon_wisp",
        "diff": 20,
        "volume": "3000 ml",
        "weight": "1207 g",
        "luminance": 5,
        "hp": 20,
        "speed": 130,
        "material": [ "steel" ],
        "symbol": "2",
        "color": "light_gray",
        "aggression": 100,
        "morale": 100,
        "armor_bash": 2,
        "armor_cut": 8,
        "armor_bullet": 6,
        "vision_night": 3,
        "special_attacks": [
          { "type": "spell", "spell_data": { "id": "PSY_magi_spell_ran_away_base" }, "cooldown": 4 },
          {
            "type": "gun",
            "cooldown": 3,
            "move_cost": 300,
            "gun_type": "PSY_magi_fake_plasma_bio_gun",
            "fake_skills": [ [ "gun", 5 ], [ "rifle", 5 ] ],
            "fake_dex": 8,
            "fake_per": 8,
            "require_targeting_player": false,
            "description": "The flying skul fires its weapon!",
            "ranges": [ [ 1, 20, "DEFAULT" ] ]
          }
        ],
        "death_drops": {  },
        "death_function": [ "DISAPPEAR" ],
        "flags": [ 
              "SEES",
              "HEARS",
              "FLIES", 
              "NOHEAD", 
              "NO_BREATHE",
              "PATH_AVOID_DANGER_1",
              "HIT_AND_RUN" 
            ]
      },


      {
        "id": "PSY_magi_mon_black_hole",
        "type": "MONSTER",
        "name": { "str": "Black hole" },
        "description": "black hole that swallows everything.",
        "default_faction": "PSY_magi_summoned_monster",
        "species": [ "PSY_MAGI_SUMMONED_MONS" ],
        "looks_like": "mon_wisp",
        "diff": 40,
        "volume": "3000 ml",
        "weight": "1207 g",
        "hp": 1200,
        "speed": 2000,
        "material": [ "steel" ],
        "symbol": "2",
        "color": "light_gray",
        "aggression": 100,
        "morale": 100,
        "armor_bash": 22,
        "armor_cut": 28,
        "armor_bullet": 26,
        "dodge": 35,
        "vision_night": 50,
        "special_attacks": [
          { "type": "spell", "spell_data": { "id": "PSY_magi_spell_pull_all_base" }, "cooldown": 0 }
        ],
        "death_drops": {  },
        "death_function": [ "DISAPPEAR" ],
        "flags": [ 
              "SEES",
              "HEARS",
              "FLIES", 
              "NOHEAD", 
              "NO_BREATHE",
              "IMMOBILE",
              "PACIFIST" 
            ]
      },

      {
        "id": "PSY_magi_mon_ethereal_turret",
        "type": "MONSTER",
        "name": { "str": "Deployed MP5 turret" },
        "description": "An MP5 attached to a motorized chassis with basic autonomous software control.  There is no mechanism to reload the weapon when its magazine is empty and the fire control system is only designed for semi automatic fire.",
        "default_faction": "PSY_magi_summoned_monster",
        "species": [ "PSY_MAGI_SUMMONED_MONS" ],
        "looks_like": "mon_turret",
        "diff": 20,
        "volume": "30000 ml",
        "weight": "40750 g",
        "hp": 50,
        "speed": 100,
        "material": [ "steel" ],
        "symbol": "2",
        "color": "light_gray",
        "aggression": 100,
        "morale": 100,
        "armor_bash": 14,
        "armor_cut": 16,
        "armor_bullet": 13,
        "vision_night": 3,
        "special_attacks": [
          {
            "type": "gun",
            "cooldown": 1,
            "move_cost": 100,
            "gun_type": "PSY_magi_fake_laser_turret_gun",
            "fake_skills": [ [ "gun", 7 ], [ "smg", 7 ] ],
            "fake_dex": 12,
            "ranges": [ [ 0, 25, "AUTO" ] ],
            "require_targeting_npc": true,
            "require_targeting_monster": true,
            "laser_lock": false,
            "targeting_cost": 400,
            "targeting_timeout_extend": -10,
            "targeting_sound": "\"Hostile detected.\"",
            "targeting_volume": 20,
            "no_ammo_sound": "a chk!"
          }
        ],
        "death_drops": {  },
        "death_function": [ "DISAPPEAR" ],
        "flags": [ "SEES", "NOHEAD", "COLDPROOF", "IMMOBILE", "NO_BREATHE" ]
      },

      {
        "id": "PSY_magi_mon_Guided_missile",
        "type": "MONSTER",
        "name": { "str": "Guided Missile" },
        "description": "KaBooooooooom!.",
        "default_faction": "PSY_magi_summoned_monster",
        "species": [ "PSY_MAGI_SUMMONED_MONS" ],
        "looks_like": "mon_wisp",
        "diff": 50,
        "volume": "3000 ml",
        "weight": "1207 g",
        "luminance": 45,
        "hp": 1,
        "speed": 400,
        "material": [ "steel" ],
        "symbol": "2",
        "color": "light_gray",
        "aggression": 100,
        "morale": 100,
        "dodge": 35,
        "armor_bash": 16,
        "armor_cut": 18,
        "armor_bullet": 16,
        "vision_night": 50,
        "special_attacks": [
          { "type": "spell", "spell_data": { "id": "PSY_magi_spell_kaze_fireball" }, "cooldown": 0 }
        ],
        "death_drops": {  },
        "death_function": [ "DISAPPEAR" ],
        "flags": [ 
              "SEES",
              "FLIES", 
              "NOHEAD", 
              "NO_BREATHE",
              "COLDPROOF",
              "ACIDPROOF",
              "HARDTOSHOOT",
              "PACIFIST" 
            ]
      },

      {
        "id": "PSY_magi_mon_skeleton_snake",
        "type": "MONSTER",
        "name": { "str": "Skeleton Snake" },
        "description": "Skeleton Snake that spits acid to enemy.",
        "default_faction": "PSY_magi_summoned_monster",
        "species": [ "PSY_MAGI_SUMMONED_MONS" ],
        "looks_like": "mon_wisp",
        "diff": 10,
        "volume": "3000 ml",
        "weight": "1207 g",
        "hp": 85,
        "speed": 115,
        "material": [ "steel" ],
        "symbol": "2",
        "color": "light_gray",
        "melee_skill": 6,
        "melee_dice": 2,
        "melee_dice_sides": 4,
        "aggression": 100,
        "morale": 100,
        "dodge": 5,
        "armor_cut": 3,
        "armor_bullet": 4,
        "vision_night": 50,
        "death_drops": {  },
        "special_attacks": [
          { "type": "spell", "spell_data": { "id": "PSY_magi_spell_spit_acid_base" }, "cooldown": 5 }
        ],
        "death_function": [ "DISAPPEAR" ],
        "flags": [ 
              "SEES",
              "FLIES", 
              "NO_BREATHE",
              "COLDPROOF",
              "ACIDPROOF",
              "HARDTOSHOOT",
              "HIT_AND_RUN"
            ]
      },

      {
        "id": "PSY_magi_mon_decoy_wood",
        "type": "MONSTER",
        "name": "Wooden decoy",
        "description": "This wood seems like you! \n Everyone doesn't doubt.",
        "default_faction": "PSY_magi_summoned_monster",
        "bodytype": "blob",
        "looks_like": "fd_fatigue",
        "species": [ "PSY_MAGI_SUMMONED_MONS" ],
        "volume": "1500 ml",
        "weight": "1360 g",
        "hp": 500,
        "speed": 5,
        "material": [ "powder" ],
        "symbol": "o",
        "color": "yellow",
        "aggression": 100,
        "morale": 100,
        "melee_skill": 0,
        "melee_dice": 1,
        "melee_dice_sides": 2,
        "vision_day": 1,
        "vision_night": 1,
        "harvest": "exempt",
        "death_drops": {  },
        "death_function": [ "DISAPPEAR" ],
        "flags": [
          "NOGIB",
          "NOHEAD",
          "NO_BREATHE",
          "COLDPROOF", 
          "ACIDPROOF",
          "PACIFIST",
          "IMMOBILE"
        ]
      },

      {
        "id": "PSY_magi_mon_lightning_tornado",
        "type": "MONSTER",
        "name": { "str": "Lightning Tornado" },
        "description": "Conjured lightning Storm that moves while shooting many lightning toward enemies and swallow nearby objects.",
        "default_faction": "PSY_magi_summoned_monster",
        "species": [ "PSY_MAGI_SUMMONED_MONS" ],
        "looks_like": "rune_stormshaper",
        "diff": 35,
        "volume": "30000 ml",
        "weight": "40750 g",
        "hp": 250,
        "speed": 75,
        "material": [ "steel" ],
        "symbol": "2",
        "color": "white_cyan",
        "luminance": 75,
        "aggression": 100,
        "morale": 100,
        "dodge": 5,
        "armor_cut": 20,
        "armor_bullet": 24,
        "vision_night": 30,
        "emit_fields": [ { "emit_id": "emit_shock_cloud", "delay": "3 s" } ],
        "special_when_hit": [ "ZAPBACK", 100 ],
        "special_attacks": [
          {
            "type": "gun",
            "cooldown": 2,
            "move_cost": 50,
            "gun_type": "PSY_magi_fake_electro_bio_gun",
            "fake_skills": [ [ "gun", 4 ], [ "rifle", 4 ] ],
            "fake_dex": 4,
            "fake_per": 8,
            "require_targeting_player": false,
            "description": "The summon hole fires its weapon!",
            "ranges": [ [ 1, 12, "DEFAULT" ] ]
          },
          { "type": "spell", "spell_data": { "id": "PSY_magi_spell_pull_all_weak_base" }, "cooldown": 1 },
          [ "SHOCKSTORM", 7 ]
        ],
        "death_drops": {  },
        "death_function": [ "DISAPPEAR" ],
        "flags": [ "SEES", "NOHEAD", "COLDPROOF", "NO_BREATHE", "ELECTRIC_FIELD", "ELECTRIC","ACIDPROOF","PACIFIST" ]
      },

      {
        "id": "PSY_magi_mon_blight_box",
        "type": "MONSTER",
        "name": "Blight Box",
        "description": "This box emits weakly light continuously.",
        "default_faction": "PSY_magi_summoned_monster",
        "bodytype": "blob",
        "looks_like": "fd_fatigue",
        "species": [ "PSY_MAGI_SUMMONED_MONS" ],
        "volume": "1500 ml",
        "weight": "1360 g",
        "hp": 30,
        "speed": 5,
        "material": [ "powder" ],
        "symbol": "o",
        "color": "yellow",
        "luminance": 15,
        "aggression": -100,
        "morale": 100,
        "melee_skill": 0,
        "melee_dice": 1,
        "melee_dice_sides": 2,
        "vision_day": 0,
        "vision_night": 0,
        "harvest": "exempt",
        "death_drops": {  },
        "death_function": [ "DISAPPEAR" ],
        "flags": [
          "NOGIB",
          "NOHEAD",
          "NO_BREATHE",
          "COLDPROOF", 
          "ACIDPROOF",
          "PACIFIST",
          "IMMOBILE"
        ]
      },

      {
        "id": "PSY_magi_mon_plague_rat",
        "type": "MONSTER",
        "name": { "str": "plague rat" },
        "description": "The plague rat, an omnivorous rodent with sheer black fur and a long, rough tail.  Harbinger of pestilence, famine, and mange, it will sometimes swarm over the dead or dying.",
        "default_faction": "PSY_magi_summoned_monster",
        "bodytype": "pig",
        "species": [ "PSY_MAGI_SUMMONED_MONS" ],
        "volume": "200 ml",
        "weight": "200 g",
        "hp": 18,
        "speed": 110,
        "material": [ "flesh" ],
        "symbol": "r",
        "color": "dark_gray",
        "aggression": 100,
        "morale": 15,
        "melee_skill": 6,
        "melee_dice": 1,
        "melee_dice_sides": 1,
        "melee_cut": 1,
        "dodge": 3,
        "vision_day": 25,
        "vision_night": 15,
        "harvest": "exempt",
        "death_drops": {  },
        "death_function": [ "DISAPPEAR" ],
        "special_attacks": [
          { "type": "spell", "spell_data": { "id": "PSY_magi_monster_plague_bite_spell" }, "cooldown": 18 }
        ],
        "flags": [ "ACIDPROOF","SEES", "SMELLS", "HEARS", "WARM", "SWIMS", "PATH_AVOID_DANGER_1" ]
      },

      {
        "id": "PSY_magi_mon_plague_rat2",
        "type": "MONSTER",
        "looks_like": "PSY_magi_mon_plague_rat",
        "name": { "str": "plague rat" },
        "description": "The plague rat, an omnivorous rodent with sheer black fur and a long, rough tail.  Harbinger of pestilence, famine, and mange, it will sometimes swarm over the dead or dying.",
        "default_faction": "PSY_magi_summoned_monster",
        "bodytype": "pig",
        "species": [ "PSY_MAGI_SUMMONED_MONS" ],
        "volume": "200 ml",
        "weight": "200 g",
        "hp": 12,
        "speed": 125,
        "material": [ "flesh" ],
        "symbol": "r",
        "color": "dark_gray",
        "aggression": 100,
        "morale": 25,
        "melee_skill": 6,
        "melee_dice": 1,
        "melee_dice_sides": 1,
        "melee_cut": 1,
        "dodge": 4,
        "vision_day": 25,
        "vision_night": 15,
        "harvest": "exempt",
        "death_drops": {  },
        "special_attacks": [
          { "type": "spell", "spell_data": { "id": "PSY_magi_monster_plague_bite_spell" }, "cooldown": 30 }
        ],
        "death_function": [ "DISAPPEAR" ],
        "flags": [ "ACIDPROOF","SEES", "SMELLS", "HEARS", "WARM", "SWIMS", "PATH_AVOID_DANGER_1","HIT_AND_RUN"  ]
      },

      {
        "id": "PSY_magi_mon_skeleton_grave",
        "type": "MONSTER",
        "name": "Skeleton Grave",
        "description": "Summon 2 of lesser skeletons every 8 seconds.",
        "default_faction": "PSY_magi_summoned_monster",
        "bodytype": "blob",
        "looks_like": "PSY_magi_mon_deaf_totem",
        "species": [ "PSY_MAGI_SUMMONED_MONS" ],
        "volume": "150000 ml",
        "weight": "136000 g",
        "hp": 500,
        "speed": 100,
        "material": [ "powder" ],
        "symbol": "o",
        "color": "yellow",
        "aggression": 100,
        "morale": 100,
        "melee_skill": 0,
        "melee_dice": 10,
        "melee_dice_sides": 3,
        "vision_day": 25,
        "vision_night": 25,
        "harvest": "exempt",
        "death_drops": {  },
        "special_attacks": 
          [ 
            { "type": "spell", "spell_data": { "id": "PSY_magi_spell_summon_weak_skeleton_base" }, "cooldown": 8 }
          ],
        "death_function": [ "DISAPPEAR" ],
        "flags": [
          "SEES",
          "NOGIB",
          "NOHEAD",
          "NO_BREATHE",
          "COLDPROOF", 
          "ACIDPROOF",
          "PACIFIST",
          "IMMOBILE"
        ]
      },

      {
        "id": "PSY_magi_mon_zombie_skeltal_minion",
        "type": "MONSTER",
        "name": { "str": "minion of skeltal", "str_pl": "minions of skeltal" },
        "description": "A lesser skeleton, raised from grave.",
        "default_faction": "PSY_magi_summoned_monster",
        "species": [ "PSY_MAGI_SUMMONED_MONS" ],
        "volume": "62500 ml",
        "weight": "81500 g",
        "hp": 14,
        "speed": 80,
        "material": [ "bone" ],
        "symbol": "Z",
        "color": "white",
        "aggression": 100,
        "morale": 100,
        "melee_skill": 3,
        "melee_dice": 2,
        "melee_dice_sides": 6,
        "melee_cut": 4,
        "dodge": 0,
        "vision_day": 30,
        "vision_night": 25,
        "death_function": [ "DISAPPEAR" ],
        "harvest": "mr_bones",
        "flags": [ "SEES", "HEARS", "HARDTOSHOOT", "NO_BREATHE", "POISON", "BONES", "FILTHY" ]
      },

      {
        "id": "PSY_magi_mon_crystal_golem",
        "type": "MONSTER",
        "name": "Crystal golem",
        "description": "Golem made from mana crystal.",
        "default_faction": "PSY_magi_summoned_monster",
        "bodytype": "elephant",
        "looks_like": "PSY_magi_mon_deaf_totem",
        "species": [ "PSY_MAGI_SUMMONED_MONS" ],
        "volume": "100 L",
        "weight": "345 kg",
        "hp": 350,
        "speed": 65,
        "diff": 30,
        "material": [ "powder" ],
        "symbol": "o",
        "color": "yellow",
        "aggression": 100,
        "morale": 100,
        "melee_skill": 6,
        "melee_dice": 3,
        "melee_dice_sides": 8,
        "melee_cut": 0,
        "armor_bash": 5,
        "armor_cut": 25,
        "armor_bullet": 15,
        "vision_day": 20,
        "vision_night": 20,
        "revert_to_itype": "PSY_magi_golem_crystal",
        "harvest": "exempt",
        "death_drops":  "mon_crystal_golem_drops" ,
        "special_attacks": 
          [ 
            { "type": "spell", "spell_data": { "id": "PSY_magi_spell_crystalgolem_base" }, "cooldown": 10 },
            [ "SMASH", 20 ]
          ],
        "death_function": [ "DISAPPEAR" ],
        "flags": [
          "SEES",
          "NOGIB",
          "NO_BREATHE",
          "COLDPROOF", 
          "ACIDPROOF",
          "CANPLAY",
          "LOUDMOVES",
          "PLASTIC"
        ]
      },

      {
        "id": "PSY_magi_mon_shock_wave",
        "type": "MONSTER",
        "name": { "str": "Shock Wave" },
        "description": "Waaaaaaaaave!.",
        "default_faction": "PSY_magi_summoned_monster",
        "species": [ "PSY_MAGI_SUMMONED_MONS" ],
        "looks_like": "mon_wisp",
        "diff": 10,
        "volume": "3000 ml",
        "weight": "1207 g",
        "hp": 1,
        "speed": 250,
        "material": [ "steel" ],
        "symbol": "2",
        "color": "light_gray",
        "aggression": 100,
        "morale": 100,
        "dodge": 35,
        "armor_bash": 16,
        "armor_cut": 18,
        "armor_bullet": 16,
        "vision_night": 50,
        "special_attacks": [
          { "type": "spell", "spell_data": { "id": "PSY_magi_spell_kaze_shockwave" }, "cooldown": 0 }
        ],
        "death_drops": {  },
        "death_function": [ "DISAPPEAR" ],
        "flags": [ 
              "SEES",
              "FLIES", 
              "NOHEAD", 
              "NO_BREATHE",
              "COLDPROOF",
              "ACIDPROOF",
              "HARDTOSHOOT",
              "PACIFIST" 
            ]
      }



]