[

    {
        "id": "PSY_magi_mon_spoon",
        "type": "MONSTER",
        "name": "animated spoon",
        "description": "A animated spoon.Do not try to bend the spoon.  That is impossible.",
        "default_faction": "PSY_magi_summoned_monster",
        "species": [ "PSY_MAGI_SUMMONED_MONS" ],
        "volume": "150 ml",
        "weight": "106 g",
        "looks_like": "spoon",
        "hp": 15,
        "speed": 100,
        "luminance": 3,
        "material": [ "steel" ],
        "symbol": "/",
        "color": "yellow",
        "aggression": 100,
        "morale": 100,
        "melee_skill": 4,
        "melee_dice": 1,
        "melee_dice_sides": 4,
        "dodge": 6,
        "vision_day": 50,
        "vision_night": 50,
        "armor_bash": 3,
        "armor_stab": 3,
        "armor_acid": 5,
        "armor_cut": 6,
        "armor_bullet": 16,
        "death_function": [ "MELT" ],
        "flags": [
          "SEES",
          "FLIES",
          "ELECTRIC",
          "HARDTOSHOOT",
          "NOGIB",
          "NOHEAD",
          "NO_BREATHE",
          "FIREPROOF",
          "COLDPROOF"
        ]
      },

      {
        "id": "PSY_magi_mon_knife_butter",
        "type": "MONSTER",
        "name": "animated butter knife",
        "description": "A animated dull knife, absolutely worthless in combat.  Excellent for spreading soft things on bread.",
        "default_faction": "PSY_magi_summoned_monster",
        "species": [ "PSY_MAGI_SUMMONED_MONS" ],
        "volume": "150 ml",
        "weight": "106 g",
        "looks_like": "knife_butter",
        "hp": 15,
        "speed": 120,
        "luminance": 3,
        "material": [ "steel" ],
        "symbol": "/",
        "color": "yellow",
        "aggression": 100,
        "morale": 100,
        "melee_skill": 5,
        "melee_dice": 1,
        "melee_dice_sides": 5,
        "melee_cut": 5,
        "dodge": 7,
        "vision_day": 50,
        "vision_night": 50,
        "armor_bash": 2,
        "armor_stab": 2,
        "armor_acid": 5,
        "armor_cut": 6,
        "armor_bullet": 16,
        "death_function": [ "MELT" ],
        "flags": [
          "SEES",
          "FLIES",
          "ELECTRIC",
          "HARDTOSHOOT",
          "NOGIB",
          "NOHEAD",
          "NO_BREATHE",
          "FIREPROOF",
          "COLDPROOF"
        ]
      },

      {
        "id": "PSY_magi_mon_fork",
        "type": "MONSTER",
        "name": "animated fork",
        "description": "A animated fork, if you stab something with it, you eat it right away.  Wait… nevermind.",
        "default_faction": "PSY_magi_summoned_monster",
        "species": [ "PSY_MAGI_SUMMONED_MONS" ],
        "volume": "150 ml",
        "weight": "106 g",
        "looks_like": "fork",
        "hp": 5,
        "speed": 160,
        "luminance": 3,
        "material": [ "steel" ],
        "symbol": "/",
        "color": "yellow",
        "aggression": 100,
        "morale": 100,
        "melee_skill": 7,
        "melee_dice": 1,
        "melee_dice_sides": 8,
        "melee_cut": 8,
        "dodge": 10,
        "vision_day": 50,
        "vision_night": 50,
        "armor_bash": 1,
        "armor_stab": 1,
        "armor_acid": 5,
        "armor_cut": 1,
        "armor_bullet": 16,
        "death_function": [ "MELT" ],
        "flags": [
          "SEES",
          "FLIES",
          "ELECTRIC",
          "HARDTOSHOOT",
          "NOGIB",
          "NOHEAD",
          "NO_BREATHE",
          "FIREPROOF",
          "COLDPROOF"
        ]
      },

      {
        "id": "PSY_magi_mon_spork",
        "type": "MONSTER",
        "name": "animated spork",
        "description": "A animated bastardized hybrid of a spoon and fork, with all the power and capabilities of both in a more annoying to use package.",
        "default_faction": "PSY_magi_summoned_monster",
        "species": [ "PSY_MAGI_SUMMONED_MONS" ],
        "volume": "150 ml",
        "weight": "106 g",
        "looks_like": "spork",
        "hp": 12,
        "speed": 130,
        "luminance": 3,
        "material": [ "steel" ],
        "symbol": "/",
        "color": "yellow",
        "aggression": 100,
        "morale": 100,
        "melee_skill": 1,
        "melee_dice": 1,
        "melee_dice_sides": 5,
        "dodge": 8,
        "vision_day": 50,
        "vision_night": 50,
        "armor_bash": 2,
        "armor_stab": 2,
        "armor_acid": 5,
        "armor_cut": 5,
        "armor_bullet": 16,
        "special_attacks": [ 
          {
            "type": "gun",
            "cooldown": 6,
            "move_cost": 100,
            "gun_type": "PSY_magi_fake_electro_bio_gun",
            "fake_skills": [ [ "gun", 1 ], [ "rifle", 1 ] ],
            "fake_dex": 4,
            "fake_per": 4,
            "require_targeting_player": false,
            "description": "The spork fires its weapon!",
            "ranges": [ [ 1, 12, "DEFAULT" ] ]
          }
        ],
        "death_function": [ "MELT" ],
        "flags": [
          "SEES",
          "FLIES",
          "ELECTRIC",
          "HARDTOSHOOT",
          "NOGIB",
          "NOHEAD",
          "NO_BREATHE",
          "FIREPROOF",
          "COLDPROOF",
          "HIT_AND_RUN"
        ]
      },


      {
        "id": "PSY_magi_mon_pizza_cutter",
        "type": "MONSTER",
        "name": "animated pizza cutter",
        "description": "A animated utensil used for cutting pizza.  Practically useless in combat.",
        "default_faction": "PSY_magi_summoned_monster",
        "species": [ "PSY_MAGI_SUMMONED_MONS" ],
        "volume": "150 ml",
        "weight": "106 g",
        "looks_like": "pizza_cutter",
        "hp": 25,
        "speed": 60,
        "luminance": 3,
        "material": [ "steel" ],
        "symbol": "/",
        "color": "yellow",
        "aggression": 100,
        "morale": 100,
        "melee_skill": 6,
        "melee_dice": 2,
        "melee_dice_sides": 5,
        "dodge": 5,
        "vision_day": 50,
        "vision_night": 50,
        "armor_bash": 8,
        "armor_stab": 8,
        "armor_acid": 5,
        "armor_cut": 12,
        "armor_bullet": 32,
        "death_function": [ "MELT" ],
        "flags": [
          "SEES",
          "FLIES",
          "ELECTRIC",
          "HARDTOSHOOT",
          "NOGIB",
          "NOHEAD",
          "NO_BREATHE",
          "FIREPROOF",
          "COLDPROOF"
        ]
      }

]