[

    {
        "id": "PSY_magi_rnd_mon_spoon",
        "type": "MONSTER",
        "name": "animated spoon",
        "description": "An animated spoon.Do not try to bend the spoon.  That is impossible.",
        "default_faction": "PSY_magi_random_dungeon_monsters",
        "species": [ "PSY_MAGI_SUMMONED_MONS" ],
        "volume": "150 ml",
        "weight": "106 g",
        "looks_like": "PSY_magi_mon_spoon",
        "hp": 15,
        "speed": 80,
        "luminance": 3,
        "material": [ "steel" ],
        "symbol": "/",
        "color": "yellow",
        "aggression": 100,
        "morale": 100,
        "melee_skill": 4,
        "melee_dice": 1,
        "melee_dice_sides": 4,
        "dodge": 3,
        "vision_day": 50,
        "vision_night": 50,
        "armor_bash": 3,
        "armor_stab": 3,
        "armor_acid": 5,
        "armor_cut": 6,
        "armor_bullet": 16,
        "death_function": [ "MELT" ],
        "death_drops": "PSY_magi_mon_rnd_mon_spoon_drops",
        "flags": [
          "SEES",
          "FLIES",
          "ELECTRIC",
          "HARDTOSHOOT",
          "NOGIB",
          "NOHEAD",
          "NO_BREATHE",
          "FIREPROOF",
          "COLDPROOF"
        ]
      },

      {
        "id": "PSY_magi_rnd_mon_knife_butter",
        "type": "MONSTER",
        "name": "animated butter knife",
        "description": "An animated dull knife, absolutely worthless in combat.  Excellent for spreading soft things on bread.",
        "default_faction": "PSY_magi_random_dungeon_monsters",
        "species": [ "PSY_MAGI_SUMMONED_MONS" ],
        "volume": "150 ml",
        "weight": "106 g",
        "looks_like": "PSY_magi_mon_knife_butter",
        "hp": 15,
        "speed": 115,
        "luminance": 3,
        "material": [ "steel" ],
        "symbol": "/",
        "color": "yellow",
        "aggression": 100,
        "morale": 100,
        "melee_skill": 5,
        "melee_dice": 1,
        "melee_dice_sides": 5,
        "melee_cut": 5,
        "dodge": 4,
        "vision_day": 50,
        "vision_night": 50,
        "armor_bash": 2,
        "armor_stab": 2,
        "armor_acid": 5,
        "armor_cut": 6,
        "armor_bullet": 16,
        "death_function": [ "MELT" ],
        "death_drops": "PSY_magi_mon_rnd_mon_knife_butter_drops",
        "flags": [
          "SEES",
          "FLIES",
          "ELECTRIC",
          "HARDTOSHOOT",
          "NOGIB",
          "NOHEAD",
          "NO_BREATHE",
          "FIREPROOF",
          "COLDPROOF"
        ]
      },

      {
        "id": "PSY_magi_rnd_mon_fork",
        "type": "MONSTER",
        "name": "animated fork",
        "description": "An animated fork, if you stab something with it, you eat it right away.  Wait… nevermind.",
        "default_faction": "PSY_magi_random_dungeon_monsters",
        "species": [ "PSY_MAGI_SUMMONED_MONS" ],
        "volume": "150 ml",
        "weight": "106 g",
        "looks_like": "PSY_magi_mon_fork",
        "hp": 5,
        "speed": 130,
        "luminance": 3,
        "material": [ "steel" ],
        "symbol": "/",
        "color": "yellow",
        "aggression": 100,
        "morale": 100,
        "melee_skill": 7,
        "melee_dice": 1,
        "melee_dice_sides": 8,
        "melee_cut": 8,
        "dodge": 5,
        "vision_day": 50,
        "vision_night": 50,
        "armor_bash": 1,
        "armor_stab": 1,
        "armor_acid": 5,
        "armor_cut": 1,
        "armor_bullet": 16,
        "death_function": [ "MELT" ],
        "death_drops": "PSY_magi_mon_rnd_mon_fork_drops",
        "flags": [
          "SEES",
          "FLIES",
          "ELECTRIC",
          "HARDTOSHOOT",
          "NOGIB",
          "NOHEAD",
          "NO_BREATHE",
          "FIREPROOF",
          "COLDPROOF"
        ]
      },

      {
        "id": "PSY_magi_rnd_mon_spork",
        "type": "MONSTER",
        "name": "animated spork",
        "description": "An animated bastardized hybrid of a spoon and fork, with all the power and capabilities of both in a more annoying to use package.",
        "default_faction": "PSY_magi_random_dungeon_monsters",
        "species": [ "PSY_MAGI_SUMMONED_MONS" ],
        "volume": "150 ml",
        "weight": "106 g",
        "looks_like": "PSY_magi_mon_spork",
        "hp": 12,
        "speed": 125,
        "luminance": 3,
        "material": [ "steel" ],
        "symbol": "/",
        "color": "yellow",
        "aggression": 100,
        "morale": 100,
        "melee_skill": 1,
        "melee_dice": 1,
        "melee_dice_sides": 5,
        "dodge": 4,
        "vision_day": 50,
        "vision_night": 50,
        "armor_bash": 2,
        "armor_stab": 2,
        "armor_acid": 5,
        "armor_cut": 5,
        "armor_bullet": 16,
        "death_function": [ "MELT" ],
        "death_drops": "PSY_magi_mon_rnd_mon_spork_drops",
        "flags": [
          "SEES",
          "FLIES",
          "ELECTRIC",
          "HARDTOSHOOT",
          "NOGIB",
          "NOHEAD",
          "NO_BREATHE",
          "FIREPROOF",
          "COLDPROOF",
          "HIT_AND_RUN"
        ]
      },


      {
        "id": "PSY_magi_rnd_mon_pizza_cutter",
        "type": "MONSTER",
        "name": "animated pizza cutter",
        "description": "An animated utensil used for cutting pizza.  Practically useless in combat.",
        "default_faction": "PSY_magi_random_dungeon_monsters",
        "species": [ "PSY_MAGI_SUMMONED_MONS" ],
        "volume": "150 ml",
        "weight": "106 g",
        "looks_like": "PSY_magi_mon_pizza_cutter",
        "hp": 25,
        "speed": 60,
        "luminance": 3,
        "material": [ "steel" ],
        "symbol": "/",
        "color": "yellow",
        "aggression": 100,
        "morale": 100,
        "melee_skill": 6,
        "melee_dice": 2,
        "melee_dice_sides": 5,
        "dodge": 2,
        "vision_day": 50,
        "vision_night": 50,
        "armor_bash": 8,
        "armor_stab": 8,
        "armor_acid": 5,
        "armor_cut": 12,
        "armor_bullet": 32,
        "death_function": [ "MELT" ],
        "death_drops": "PSY_magi_mon_rnd_coin_1_mon_drops",
        "flags": [
          "SEES",
          "FLIES",
          "ELECTRIC",
          "HARDTOSHOOT",
          "NOGIB",
          "NOHEAD",
          "NO_BREATHE",
          "FIREPROOF",
          "COLDPROOF"
        ]
      },

      {
        "id": "PSY_magi_rnd_mon_vine_tentacle",
        "type": "MONSTER",
        "name": "Plant tentacle",
        "description": "Big plant tentacle that pulls nearby enemy and attack with its long body.",
        "default_faction": "PSY_magi_random_dungeon_monsters",
        "bodytype": "blob",
        "looks_like": "PSY_magi_mon_vine_tentacle",
        "species": [ "PSY_MAGI_SUMMONED_MONS" ],
        "volume": "1500 ml",
        "weight": "1360 g",
        "hp": 30,
        "speed": 100,
        "material": [ "powder" ],
        "symbol": "o",
        "color": "yellow",
        "aggression": 100,
        "morale": 100,
        "melee_skill": 6,
        "melee_dice": 8,
        "melee_dice_sides": 3,
        "melee_cut": 0,
        "dodge": 3,
        "vision_day": 10,
        "vision_night": 5,
        "death_drops": "PSY_magi_mon_rnd_coin_1_mon_drops",
        "harvest": "exempt",
        "death_function": [ "DISAPPEAR" ],
        "special_attacks": 
            [  
              {
                "type": "gun",
                "cooldown": 3,
                "move_cost": 100,
                "gun_type": "PSY_magi_fake_vine_whip_weak",
                "fake_skills": [ [ "gun", 3 ], [ "rifle", 3 ] ],
                "fake_dex": 4,
                "fake_per": 4,
                "require_targeting_player": false,
                "ranges": [ [ 0, 2, "DEFAULT" ] ]
              }
            ],
        "flags": [
          "SEES",
          "HEARS",
          "HARDTOSHOOT",
          "NOGIB",
          "ACIDPROOF",
          "NOHEAD",
          "NO_BREATHE",
          "IMMOBILE"
        ]
      },

      {
        "id": "PSY_magi_rnd_mon_plant_shooter",
        "type": "MONSTER",
        "name": "Sentry plant",
        "description": "sentry-plant that shoots seeds to nearest enemy.",
        "default_faction": "PSY_magi_random_dungeon_monsters",
        "bodytype": "blob",
        "looks_like": "PSY_magi_mon_plant_shooter",
        "species": [ "PSY_MAGI_SUMMONED_MONS" ],
        "volume": "1500 ml",
        "weight": "136 g",
        "hp": 60,
        "speed": 80,
        "material": [ "powder" ],
        "symbol": "o",
        "color": "yellow",
        "aggression": 100,
        "morale": 100,
        "melee_skill": 0,
        "melee_dice": 3,
        "melee_dice_sides": 3,
        "dodge": 1,
        "vision_day": 20,
        "vision_night": 5,
        "harvest": "exempt",
        "death_drops": "PSY_magi_mon_rnd_coin_2_mon_drops",
        "special_attacks": [
          {
            "type": "gun",
            "cooldown": 5,
            "move_cost": 200,
            "gun_type": "PSY_magi_fake_seed_bio_gun",
            "fake_skills": [ [ "gun", 3 ], [ "rifle", 3 ] ],
            "targeting_cost": 200,
            "targeting_timeout_extend": -10,
            "targeting_sound": "\"The plant's face is puffed up.\"",
            "targeting_volume": 10,
            "fake_dex": 3,
            "fake_per": 3,
            "require_targeting_player": false,
            "description": "The plant fires seeds!",
            "ranges": [ [ 0, 5, "DEFAULT" ] ]
          }
        ],
        "death_function": [ "DISAPPEAR" ],
        "flags": [
          "SEES",
          "HEARS",
          "HARDTOSHOOT",
          "NOGIB",
          "NOHEAD",
          "NO_BREATHE",
          "ACIDPROOF",
          "IMMOBILE",
          "PACIFIST"
        ]
      },

      {
        "id": "PSY_magi_rnd_mon_skeleton_grave",
        "type": "MONSTER",
        "name": "Skeleton Grave",
        "description": "Summon 2 of lesser skeletons every 8 seconds.",
        "default_faction": "PSY_magi_random_dungeon_monsters",
        "bodytype": "blob",
        "looks_like": "PSY_magi_mon_skeleton_grave",
        "species": [ "PSY_MAGI_SUMMONED_MONS" ],
        "volume": "150000 ml",
        "weight": "136000 g",
        "hp": 300,
        "speed": 100,
        "luminance": 7,
        "material": [ "powder" ],
        "symbol": "o",
        "color": "yellow",
        "aggression": 100,
        "morale": 100,
        "melee_skill": 0,
        "melee_dice": 10,
        "melee_dice_sides": 3,
        "vision_day": 25,
        "vision_night": 25,
        "harvest": "exempt",
        "death_drops": "PSY_magi_mon_rnd_coin_2_mon_drops",
        "special_attacks": 
          [ 
            { "type": "spell", "spell_data": { "id": "PSY_magi_spell_summon_hostile_skeleton_base" }, "cooldown": 8 }
          ],
        "death_function": [ "DISAPPEAR" ],
        "flags": [
          "SEES",
          "NOGIB",
          "NOHEAD",
          "NO_BREATHE",
          "COLDPROOF", 
          "ACIDPROOF",
          "PACIFIST",
          "IMMOBILE"
        ]
      },

      {
        "id": "PSY_magi_rnd_mon_zombie_skeltal_minion",
        "type": "MONSTER",
        "name": { "str": "minion of skeltal", "str_pl": "minions of skeltal" },
        "description": "A lesser skeleton, raised from grave.",
        "default_faction": "PSY_magi_random_dungeon_monsters",
        "looks_like": "PSY_magi_mon_zombie_skeltal_minion",
        "species": [ "PSY_MAGI_SUMMONED_MONS" ],
        "volume": "62500 ml",
        "weight": "81500 g",
        "hp": 14,
        "speed": 80,
        "luminance": 1,
        "material": [ "bone" ],
        "symbol": "Z",
        "color": "white",
        "aggression": 100,
        "morale": 100,
        "melee_skill": 3,
        "melee_dice": 2,
        "melee_dice_sides": 6,
        "melee_cut": 4,
        "dodge": 0,
        "vision_day": 30,
        "vision_night": 25,
        "death_function": [ "DISAPPEAR" ],
        "harvest": "mr_bones",
        "flags": [ "SEES", "HEARS", "HARDTOSHOOT", "NO_BREATHE", "POISON", "BONES", "FILTHY" ]
      },

      {
        "id": "PSY_magi_rnd_mon_babble",
        "type": "MONSTER",
        "name": { "str": "babble" },
        "description": "This cute and lovable creature is a bubble! Why don't you up your dog food?.",
        "default_faction": "PSY_magi_random_dungeon_monsters",
        "bodytype": "dog",
        "species": [ "PSY_MAGI_SUMMONED_MONS" ],
        "volume": "30000 ml",
        "weight": "30 kg",
        "harvest": "mammal_small_fur",
        "hp": 50,
        "speed": 100,
        "material": [ "flesh" ],
        "symbol": "d",
        "color": "light_gray",
        "aggression": 0,
        "morale": 25,
        "melee_skill": 4,
        "melee_dice": 2,
        "melee_dice_sides": 3,
        "melee_cut": 3,
        "dodge": 3,
        "vision_night": 5,
        "path_settings": { "max_dist": 10 },
        "anger_triggers": [ "HURT", "FRIEND_ATTACKED", "FRIEND_DIED" ],
        "death_drops": "PSY_magi_mon_rnd_coin_1_mon_drops",
        "placate_triggers": [ "MEAT" ],
        "death_function": [ "DISAPPEAR" ],
        "flags": [
          "ANIMAL",
          "DOGFOOD",
          "GROUP_MORALE",
          "HEARS",
          "KEENNOSE",
          "PATH_AVOID_DANGER_1",
          "SEES",
          "SMELLS",
          "SWARMS",
          "WARM"
        ]
      },

      {
        "id": "PSY_magi_rnd_mon_green_babble",
        "type": "MONSTER",
        "name": { "str": "hole babble" },
        "description": "Yes, the different colored monsters in this bubble! It's a hole-in-the-wall bubble! looks like it likes dog food.",
        "default_faction": "PSY_magi_random_dungeon_monsters",
        "bodytype": "dog",
        "species": [ "PSY_MAGI_SUMMONED_MONS" ],
        "volume": "30000 ml",
        "weight": "30 kg",
        "harvest": "mammal_small_fur",
        "hp": 80,
        "speed": 100,
        "material": [ "flesh" ],
        "symbol": "d",
        "color": "light_gray",
        "aggression": 10,
        "morale": 35,
        "melee_skill": 6,
        "melee_dice": 3,
        "melee_dice_sides": 3,
        "melee_cut": 3,
        "dodge": 3,
        "vision_night": 5,
        "path_settings": { "max_dist": 15 },
        "anger_triggers": [ "HURT", "FRIEND_ATTACKED", "FRIEND_DIED" ],
        "death_drops": "PSY_magi_mon_rnd_coin_1_mon_drops",
        "placate_triggers": [ "MEAT" ],
        "death_function": [ "DISAPPEAR" ],
        "flags": [
          "ANIMAL",
          "DOGFOOD",
          "GROUP_MORALE",
          "HEARS",
          "KEENNOSE",
          "PATH_AVOID_DANGER_1",
          "SEES",
          "SMELLS",
          "SWARMS",
          "WARM"
        ]
      },

      {
        "id": "PSY_magi_rnd_mon_purple_babble",
        "type": "MONSTER",
        "name": { "str": "cave babble" },
        "description": "Whoa! This purple bubble seems to have a harder skin than it looks! it still seems to like dog food.",
        "default_faction": "PSY_magi_random_dungeon_monsters",
        "bodytype": "dog",
        "species": [ "PSY_MAGI_SUMMONED_MONS" ],
        "volume": "30000 ml",
        "weight": "30 kg",
        "harvest": "mammal_small_fur",
        "hp": 6,
        "speed": 150,
        "material": [ "flesh" ],
        "symbol": "d",
        "color": "light_gray",
        "aggression": 20,
        "morale": 55,
        "melee_skill": 8,
        "melee_dice": 5,
        "melee_dice_sides": 5,
        "armor_bash": 50,
        "armor_stab": 50,
        "armor_cut": 50,
        "dodge": 3,
        "vision_night": 5,
        "path_settings": { "max_dist": 15 },
        "anger_triggers": [ "HURT", "FRIEND_ATTACKED", "FRIEND_DIED" ],
        "death_drops": "PSY_magi_mon_rnd_coin_3_mon_drops",
        "placate_triggers": [ "MEAT" ],
        "death_function": [ "DISAPPEAR" ],
        "flags": [
          "ANIMAL",
          "DOGFOOD",
          "GROUP_MORALE",
          "HEARS",
          "KEENNOSE",
          "PATH_AVOID_DANGER_1",
          "SEES",
          "SMELLS",
          "SWARMS",
          "WARM"
        ]
      },

      {
        "id": "PSY_magi_rnd_mon_giant_cockroach",
        "type": "MONSTER",
        "name": { "str": "giant cockroach", "str_pl": "giant cockroaches" },
        "description": "A mutant cockroach the size of a dog.",
        "default_faction": "PSY_magi_random_dungeon_monsters",
        "looks_like": "mon_giant_cockroach",
        "bodytype": "insect",
        "species": [ "INSECT" ],
        "volume": "30 L",
        "weight": "40750 g",
        "hp": 40,
        "speed": 100,
        "material": [ "iflesh" ],
        "symbol": "a",
        "color": "brown",
        "aggression": 30,
        "morale": 60,
        "melee_skill": 5,
        "melee_dice": 1,
        "melee_dice_sides": 6,
        "melee_cut": 3,
        "dodge": 1,
        "armor_bash": 5,
        "armor_cut": 10,
        "armor_bullet": 8,
        "vision_day": 5,
        "vision_night": 5,
        "death_function": [ "DISAPPEAR" ],
        "death_drops": "PSY_magi_mon_rnd_coin_1_mon_drops",
        "flags": [ "SEES", "HEARS", "SMELLS", "CLIMBS", "PATH_AVOID_FIRE" ]
      },

      {
        "id": "PSY_magi_rnd_mon_centipede_small",
        "type": "MONSTER",
        "name": { "str": "centipede" },
        "description": "A brightly colored mutant centipede the size of a small dog, skittering quickly in the underbrush.  Probably won't think you're suitable prey, but beware its venom.",
        "symbol": "a",
        "color": "light_green",
        "default_faction": "PSY_magi_random_dungeon_monsters",
        "looks_like": "mon_centipede_small",
        "volume": "15 L",
        "bodytype": "insect",
        "material": [ "iflesh" ],
        "species": [ "CENTIPEDE" ],
        "weight": "20 kg",
        "hp": 30,
        "speed": 115,
        "attack_cost": 115,
        "aggression": 0,
        "morale": 0,
        "melee_skill": 5,
        "melee_dice_sides": 3,
        "special_attacks": [
          {
            "type": "bite",
            "cooldown": 10,
            "move_cost": 115,
            "damage_max_instance": [ { "damage_type": "stab", "amount": 2, "armor_penetration": 8 } ],
            "min_mul": 3,
            "max_mul": 5.4,
            "//": "Bite does 6-10 dmg, armor penetration 5, 8 hits to max venom intensity",
            "effects": [ { "id": "venom_dmg", "duration": 250, "affect_hit_bp": true } ]
          }
        ],
        "dodge": 4,
        "armor_bash": 1,
        "armor_cut": 3,
        "armor_bullet": 2,
        "armor_stab": 2,
        "anger_triggers": [ "PLAYER_CLOSE" ],
        "fear_triggers": [ "HURT" ],
        "death_function": [ "DISAPPEAR" ],
        "flags": [ "SEES", "HEARS", "SMELLS", "CLIMBS", "PATH_AVOID_FIRE" ]
      },

      {
        "id": "PSY_magi_rnd_mon_dragonfly_naiad",
        "type": "MONSTER",
        "name": { "str": "huge dragonfly naiad" },
        "description": "The predatory, aquatic larva of a dragonfly, normally barely a centimeter long and feeding on small fishes, grown to the size of a catfish.  Underneath its sharp mandibles you can see that its folded lower jaw changed into something resemblig a barbed spear.",
        "species": [ "INSECT" ],
        "bodytype": "insect",
        "material": [ "iflesh" ],
        "volume": "10 L",
        "weight": "15 kg",
        "hp": 40,
        "speed": 100,
        "symbol": "y",
        "color": "light_gray",
        "default_faction": "PSY_magi_random_dungeon_monsters",
        "looks_like": "mon_dragonfly_naiad",
        "aggression": 10,
        "melee_skill": 5,
        "melee_dice": 1,
        "melee_dice_sides": 6,
        "melee_cut": 5,
        "special_attacks": [ [ "STRETCH_ATTACK", 25 ] ],
        "dodge": 3,
        "vision_day": 10,
        "vision_night": 5,
        "harvest": "arachnid",
        "anger_triggers": [ "PLAYER_CLOSE" ],
        "fear_triggers": [ "HURT" ],
        "death_function": [ "DISAPPEAR" ],
        "flags": [ "AQUATIC", "SEES" ],
        "upgrades": { "age_grow": 24, "into": "PSY_magi_rnd_mon_dragonfly_giant" }
      },

      {
        "id": "PSY_magi_rnd_mon_dragonfly_giant",
        "type": "MONSTER",
        "name": { "str": "giant dragonfly", "str_pl": "giant dragonflies" },
        "description": "A ferocious, bright green dragonfly, still lightning-fast despite growing to the size of a schoolchild.  Its head is little more than a basketball-sized pair of rainbow compound eyes, and its legs - already specialized for grasping prey - end in curved talons.",
        "default_faction": "PSY_magi_random_dungeon_monsters",
        "looks_like": "mon_dragonfly_giant",
        "bodytype": "flying insect",
        "species": [ "INSECT_FLYING" ],
        "volume": "40 L",
        "weight": "40750 g",
        "hp": 50,
        "speed": 150,
        "material": [ "iflesh" ],
        "symbol": "y",
        "color": "light_green",
        "aggression": 20,
        "morale": 10,
        "melee_skill": 5,
        "melee_dice": 1,
        "melee_dice_sides": 6,
        "melee_damage": [ { "damage_type": "cut", "amount": 8, "armor_penetration": 10 } ],
        "special_attacks": [
          [ "GRAB", 100 ],
          {
            "type": "bite",
            "cooldown": 6,
            "accuracy": 5,
            "move_cost": 300,
            "damage_max_instance": [ { "damage_type": "cut", "amount": 6, "armor_penetration": 20 } ]
          }
        ],
        "dodge": 2,
        "vision_day": 45,
        "vision_night": 5,
        "anger_triggers": [ "PLAYER_WEAK", "STALK" ],
        "fear_triggers": [ "HURT" ],
        "death_function": [ "DISAPPEAR" ],
        "flags": [ "SWARMS", "HEARS", "SEES", "FLIES", "PATH_AVOID_FIRE", "LOUDMOVES" ]
      },

      {
        "id": "PSY_magi_rnd_mon_fly",
        "type": "MONSTER",
        "name": { "str": "giant fly", "str_pl": "giant flies" },
        "description": "A tremendous housefly the size of a dog, predictably accompanied by a loud, incessant buzzing sound.",
        "default_faction": "PSY_magi_random_dungeon_monsters",
        "looks_like": "mon_fly",
        "bodytype": "flying insect",
        "species": [ "INSECT_FLYING" ],
        "volume": "30 L",
        "weight": "40750 g",
        "hp": 25,
        "speed": 120,
        "material": [ "iflesh" ],
        "symbol": "a",
        "color": "light_green",
        "aggression": 30,
        "morale": 30,
        "melee_skill": 3,
        "melee_dice": 1,
        "melee_dice_sides": 3,
        "melee_cut": 0,
        "dodge": 5,
        "vision_day": 5,
        "vision_night": 5,
        "fear_triggers": [ "PLAYER_CLOSE" ],
        "death_function": [ "DISAPPEAR" ],
        "flags": [ "SEES", "SMELLS", "FLIES", "STUMBLES", "HIT_AND_RUN", "CANPLAY", "PATH_AVOID_FIRE", "LOUDMOVES" ]
      },

      {
        "id": "PSY_magi_rnd_mon_mosquito_giant",
        "type": "MONSTER",
        "name": { "str": "giant mosquito" },
        "description": "A giant mutant mosquito, fluttering erratically.  Its face is dominated by a long, spear-tipped proboscis.",
        "default_faction": "PSY_magi_random_dungeon_monsters",
        "looks_like": "mon_mosquito_giant",
        "bodytype": "flying insect",
        "species": [ "INSECT_FLYING" ],
        "diff": 2,
        "volume": "30 L",
        "weight": "40750 g",
        "hp": 20,
        "speed": 120,
        "material": [ "iflesh" ],
        "symbol": "y",
        "color": "brown",
        "aggression": 20,
        "morale": 20,
        "melee_skill": 4,
        "melee_dice": 1,
        "melee_dice_sides": 4,
        "melee_cut": 1,
        "dodge": 8,
        "vision_day": 5,
        "vision_night": 5,
        "death_function": [ "DISAPPEAR" ],
        "flags": [ "SEES", "SMELLS", "HEARS", "STUMBLES", "VENOM", "FLIES", "HIT_AND_RUN", "PATH_AVOID_FIRE", "LOUDMOVES" ]
      },

      {
        "id": "PSY_magi_rnd_mon_insect_summoner",
        "type": "MONSTER",
        "name": "Insect Summoner",
        "description": "summoner who excels in the art of summoning insects.",
        "default_faction": "PSY_magi_random_dungeon_monsters",
        "bodytype": "flying insect",
        "species": [ "INSECT" ],
        "volume": "65000 ml",
        "weight": "63600 g",
        "hp": 120,
        "speed": 100,
        "material": [ "powder" ],
        "symbol": "o",
        "color": "yellow",
        "aggression": 100,
        "luminance": 12,
        "morale": 100,
        "melee_skill": 3,
        "melee_dice": 2,
        "melee_dice_sides": 3,
        "vision_day": 25,
        "vision_night": 5,
        "death_drops": "PSY_magi_mon_rnd_mon_summoner_insect_drops",
        "special_attacks": 
          [ 
            { "type": "spell", "spell_data": { "id": "PSY_magi_spell_summon_hostile_insect_base" }, "cooldown": 3 }
          ],
        "death_function": [ "DISAPPEAR" ],
        "flags": [
          "SEES",
          "HEARS",
          "NOGIB",
          "SMELLS",
          "HIT_AND_RUN",
          "PATH_AVOID_FIRE"
        ]
      },

      {
        "id": "PSY_magi_rnd_mon_flying_mask",
        "type": "MONSTER",
        "name": "Flying mask",
        "description": "An animated mask, it seems to be staring at you the whole time.",
        "default_faction": "PSY_magi_random_dungeon_monsters",
        "species": [ "PSY_MAGI_SUMMONED_MONS" ],
        "volume": "150 ml",
        "weight": "106 g",
        "hp": 12,
        "speed": 30,
        "luminance": 8,
        "material": [ "steel" ],
        "symbol": "/",
        "color": "yellow",
        "aggression": 10,
        "morale": 100,
        "melee_skill": 1,
        "melee_dice": 2,
        "melee_dice_sides": 2,
        "dodge": 5,
        "vision_day": 50,
        "vision_night": 50,
        "armor_bash": 1,
        "armor_stab": 1,
        "armor_cut": 1,
        "armor_bullet": 1,
        "death_function": [ "MELT" ],
        "death_drops": "PSY_magi_mon_rnd_coin_1_mon_drops",
        "flags": [
          "SEES",
          "FLIES",
          "HARDTOSHOOT",
          "NOGIB",
          "NOHEAD",
          "NO_BREATHE",
          "STUMBLES",
          "FIREPROOF",
          "COLDPROOF"
        ]
      },

      {
        "id": "PSY_magi_rnd_mon_flying_mask2",
        "type": "MONSTER",
        "name": "Flying mask",
        "description": "An animated mask, it seems to be staring at you the whole time.",
        "default_faction": "PSY_magi_random_dungeon_monsters",
        "species": [ "PSY_MAGI_SUMMONED_MONS" ],
        "volume": "150 ml",
        "weight": "106 g",
        "hp": 8,
        "speed": 40,
        "luminance": 12,
        "material": [ "steel" ],
        "symbol": "/",
        "color": "yellow",
        "aggression": 15,
        "morale": 50,
        "melee_skill": 2,
        "melee_dice": 2,
        "melee_dice_sides": 2,
        "dodge": 6,
        "vision_day": 50,
        "vision_night": 50,
        "special_attacks": 
        [ 
          { "type": "spell", "spell_data": { "id": "PSY_magi_spell_flyingmask_base" }, "cooldown": 4 }
        ],
        "armor_bash": 1,
        "armor_stab": 1,
        "armor_cut": 1,
        "armor_bullet": 1,
        "death_function": [ "MELT" ],
        "death_drops": "PSY_magi_mon_rnd_coin_1_mon_drops",
        "flags": [
          "SEES",
          "FLIES",
          "HARDTOSHOOT",
          "STUMBLES",
          "NOGIB",
          "NOHEAD",
          "NO_BREATHE",
          "FIREPROOF",
          "COLDPROOF"
        ]
      },

      {
        "id": "PSY_magi_rnd_mon_masked_human",
        "type": "MONSTER",
        "name": "masked human",
        "description": "It is a human-like creature whose mind is controlled by a mask.",
        "default_faction": "PSY_magi_random_dungeon_monsters",
        "species": [ "PSY_MAGI_SUMMONED_MONS" ],
        "volume": "65000 ml",
        "weight": "65000 g",
        "hp": 100,
        "speed": 50,
        "luminance": 7,
        "material": [ "steel" ],
        "symbol": "/",
        "color": "yellow",
        "aggression": 35,
        "morale": 100,
        "melee_skill": 4,
        "melee_dice": 3,
        "melee_dice_sides": 2,
        "dodge": 1,
        "vision_day": 20,
        "vision_night": 20,
        "special_attacks": 
        [ 
          { "type": "spell", "spell_data": { "id": "PSY_magi_spell_maskhuman_base" }, "cooldown": 12 }
        ],
        "armor_bash": 3,
        "armor_stab": 3,
        "armor_cut": 3,
        "armor_bullet": 3,
        "death_function": [ "MELT" ],
        "death_drops": "PSY_magi_mon_rnd_coin_2_mon_drops",
        "flags": [
          "SEES",
          "STUMBLES",
          "NOGIB",
          "NO_BREATHE",
          "COLDPROOF",
          "PATH_AVOID_DANGER_1",
          "HEARS"
        ]
      },

      {
        "id": "PSY_magi_rnd_mon_thunder_bird_chick",
        "type": "MONSTER",
        "name": { "str": "thunder bird chick" },
        "description": "It is an electrified bird of chick. Would you like to touch it?",
        "bodytype": "bird",
        "default_faction": "PSY_magi_random_dungeon_monsters",
        "species": [ "PSY_MAGI_SUMMONED_MONS" ],
        "volume": "3000 ml",
        "weight": "4000 g",
        "hp": 34,
        "speed": 110,
        "material": [ "flesh" ],
        "symbol": "v",
        "color": "dark_gray",
        "aggression": -10,
        "morale": 30,
        "melee_dice": 1,
        "melee_dice_sides": 3,
        "melee_cut": 2,
        "melee_skill": 2,
        "melee_damage": [ { "damage_type": "electric", "amount": 2 } ],
        "dodge": 1,
        "luminance": 8,
        "special_when_hit": [ "ZAPBACK", 35 ],
        "fear_triggers": [ "PLAYER_CLOSE" ],
        "special_attacks": [ [ "SHRIEK", 10 ] ],
        "death_function": [ "MELT" ],
        "death_drops": "PSY_magi_mon_rnd_coin_1_mon_drops",
        "upgrades": { "age_grow": 28, "into": "PSY_magi_rnd_mon_thunder_bird" },
        "flags": [ "SEES", "HEARS", "SMELLS","ELECTRIC", "PATH_AVOID_DANGER_1", "WARM", "FLIES", "BIRDFOOD" ]
      },

      {
        "id": "PSY_magi_rnd_mon_thunder_bird",
        "type": "MONSTER",
        "name": { "str": "thunder bird" },
        "description": "It is an electrified bird with large wings and two tails. Touching it is a good stimulus! Would you like to touch it?",
        "bodytype": "bird",
        "default_faction": "PSY_magi_random_dungeon_monsters",
        "species": [ "PSY_MAGI_SUMMONED_MONS" ],
        "volume": "22000 ml",
        "weight": "22000 g",
        "hp": 130,
        "speed": 120,
        "material": [ "flesh" ],
        "symbol": "v",
        "color": "dark_gray",
        "aggression": 0,
        "morale": 50,
        "melee_dice": 3,
        "melee_dice_sides": 3,
        "melee_cut": 4,
        "melee_skill": 5,
        "melee_damage": [ { "damage_type": "electric", "amount": 6 } ],
        "dodge": 1,
        "luminance": 30,
        "special_when_hit": [ "ZAPBACK", 100 ],
        "special_attacks": [ [ "SHRIEK", 10 ], [ "LUNGE", 8 ], { "type": "leap", "cooldown": 10, "max_range": 3 } ],
        "death_function": [ "MELT" ],
        "anger_triggers": [ "HURT" ],
        "death_drops": "PSY_magi_mon_rnd_coin_2_mon_drops",
        "reproduction": { "baby_egg": "PSY_magi_egg_thunder_bird", "baby_count": 1, "baby_timer": 30 },
        "baby_flags": [ "SPRING", "SUMMER", "AUTUMN", "WINTER" ],
        "flags": [ "SEES", "HEARS", "SMELLS","ELECTRIC", "PATH_AVOID_DANGER_1", "WARM", "FLIES", "BIRDFOOD" ]
      },

      {
        "id": "PSY_magi_rnd_mon_blaze_bird_chick",
        "type": "MONSTER",
        "name": { "str": "blaze bird chick" },
        "description": "It is an blaze bird of chick. Would you like to touch it?",
        "bodytype": "bird",
        "default_faction": "PSY_magi_random_dungeon_monsters",
        "species": [ "PSY_MAGI_SUMMONED_MONS" ],
        "volume": "3000 ml",
        "weight": "4000 g",
        "hp": 46,
        "speed": 100,
        "material": [ "flesh" ],
        "symbol": "v",
        "color": "dark_gray",
        "aggression": -10,
        "morale": 30,
        "melee_dice": 1,
        "melee_dice_sides": 3,
        "melee_cut": 2,
        "melee_skill": 2,
        "melee_damage": [ { "damage_type": "heat", "amount": 2 } ],
        "emit_fields": [ { "emit_id": "emit_hot_air2_stream", "delay": "3 s" } ],
        "dodge": 1,
        "luminance": 15,
        "fear_triggers": [ "PLAYER_CLOSE" ],
        "special_attacks": [ [ "SHRIEK", 10 ] ],
        "death_function": [ "MELT" ],
        "death_drops": "PSY_magi_mon_rnd_coin_1_mon_drops",
        "upgrades": { "age_grow": 28, "into": "PSY_magi_rnd_mon_thunder_bird" },
        "flags": [ "SEES", "HEARS", "SMELLS","FIREPROOF", "PATH_AVOID_DANGER_1", "WARM", "FLIES", "BIRDFOOD" ]
      },

      {
        "id": "PSY_magi_rnd_mon_blaze_bird",
        "type": "MONSTER",
        "name": { "str": "blaze bird" },
        "description": "It is a blaze bird with large wings and two tails. Touching it is a good stimulus! Would you like to touch it?",
        "bodytype": "bird",
        "default_faction": "PSY_magi_random_dungeon_monsters",
        "species": [ "PSY_MAGI_SUMMONED_MONS" ],
        "volume": "22000 ml",
        "weight": "22000 g",
        "hp": 150,
        "speed": 110,
        "material": [ "flesh" ],
        "symbol": "v",
        "color": "dark_gray",
        "aggression": 0,
        "morale": 50,
        "melee_dice": 3,
        "melee_dice_sides": 3,
        "melee_cut": 4,
        "melee_skill": 5,
        "melee_damage": [ { "damage_type": "heat", "amount": 6 } ],
        "emit_fields": [ { "emit_id": "emit_hot_air2_blast", "delay": "1 s" } ],
        "dodge": 1,
        "luminance": 36,
        "special_attacks": [ [ "SHRIEK", 10 ], [ "LUNGE", 8 ], { "type": "leap", "cooldown": 10, "max_range": 3 } ],
        "death_function": [ "MELT" ],
        "anger_triggers": [ "HURT" ],
        "death_drops": "PSY_magi_mon_rnd_coin_2_mon_drops",
        "reproduction": { "baby_egg": "PSY_magi_egg_blaze_bird", "baby_count": 1, "baby_timer": 30 },
        "baby_flags": [ "SPRING", "SUMMER", "AUTUMN", "WINTER" ],
        "flags": [ "SEES", "HEARS", "SMELLS","FIREPROOF", "PATH_AVOID_DANGER_1", "WARM", "FLIES", "BIRDFOOD" ]
      },

      {
        "id": "PSY_magi_rnd_mon_totem_summoner",
        "type": "MONSTER",
        "name": "Shaman",
        "description": "shaman who excels at summoning totems.",
        "default_faction": "PSY_magi_random_dungeon_monsters",
        "bodytype": "flying insect",
        "species": [ "INSECT" ],
        "volume": "65000 ml",
        "weight": "63600 g",
        "hp": 120,
        "speed": 100,
        "material": [ "powder" ],
        "symbol": "o",
        "color": "yellow",
        "aggression": 100,
        "morale": 100,
        "melee_skill": 3,
        "luminance": 4,
        "melee_dice": 2,
        "melee_dice_sides": 3,
        "vision_day": 25,
        "vision_night": 5,
        "death_drops": "PSY_magi_mon_rnd_mon_summoner_totem_drops",
        "special_attacks": 
          [ 
            { "type": "spell", "spell_data": { "id": "PSY_magi_spell_summon_hostile_totem_base" }, "cooldown": 6 }
          ],
        "death_function": [ "DISAPPEAR" ],
        "flags": [
          "SEES",
          "HEARS",
          "NOGIB",
          "SMELLS",
          "HIT_AND_RUN",
          "PATH_AVOID_FIRE"
        ]
      },

      {
        "id": "PSY_magi_rnd_mon_Slow_totem",
        "type": "MONSTER",
        "name": "Slow Totem",
        "description": "Blind nearby enemies.",
        "default_faction": "PSY_magi_random_dungeon_monsters",
        "bodytype": "blob",
        "looks_like": "PSY_magi_mon_fear_totem",
        "species": [ "PSY_MAGI_SUMMONED_MONS" ],
        "volume": "1500 ml",
        "weight": "136 g",
        "hp": 25,
        "speed": 100,
        "material": [ "powder" ],
        "symbol": "o",
        "color": "yellow",
        "aggression": 100,
        "morale": 100,
        "melee_skill": 0,
        "melee_dice": 10,
        "luminance": 3,
        "melee_dice_sides": 3,
        "vision_day": 5,
        "vision_night": 5,
        "harvest": "exempt",
        "death_drops": {  },
        "special_attacks": 
          [ 
            { "type": "spell", "spell_data": { "id": "PSY_magi_spell_weak_slow_base" }, "cooldown": 5 }
          ],
        "death_function": [ "DISAPPEAR" ],
        "flags": [
          "SEES",
          "NOGIB",
          "NOHEAD",
          "NO_BREATHE",
          "COLDPROOF", 
          "ACIDPROOF",
          "PACIFIST",
          "IMMOBILE"
        ]
      },

      {
        "id": "PSY_magi_rnd_mon_blind_totem",
        "type": "MONSTER",
        "name": "Blind Totem",
        "description": "Blind nearby enemies.",
        "default_faction": "PSY_magi_random_dungeon_monsters",
        "bodytype": "blob",
        "looks_like": "PSY_magi_mon_blind_totem",
        "species": [ "PSY_MAGI_SUMMONED_MONS" ],
        "volume": "1500 ml",
        "weight": "136 g",
        "hp": 25,
        "speed": 100,
        "material": [ "powder" ],
        "symbol": "o",
        "color": "yellow",
        "aggression": 100,
        "luminance": 3,
        "morale": 100,
        "melee_skill": 0,
        "melee_dice": 10,
        "melee_dice_sides": 3,
        "vision_day": 5,
        "vision_night": 5,
        "harvest": "exempt",
        "death_drops": {  },
        "special_attacks": 
          [ 
            { "type": "spell", "spell_data": { "id": "PSY_magi_spell_weak_blind_base" }, "cooldown": 5 }
          ],
        "death_function": [ "DISAPPEAR" ],
        "flags": [
          "SEES",
          "NOGIB",
          "NOHEAD",
          "NO_BREATHE",
          "COLDPROOF", 
          "ACIDPROOF",
          "PACIFIST",
          "IMMOBILE"
        ]
      },

      {
        "id": "PSY_magi_rnd_mon_taunt_totem",
        "type": "MONSTER",
        "name": " Tauntotem",
        "description": "taunt nearby enemies.",
        "default_faction": "PSY_magi_random_dungeon_monsters",
        "bodytype": "blob",
        "looks_like": "PSY_magi_mon_taunt_totem",
        "species": [ "PSY_MAGI_SUMMONED_MONS" ],
        "volume": "1500 ml",
        "weight": "13006 g",
        "hp": 75,
        "speed": 50,
        "luminance": 50,
        "material": [ "powder" ],
        "symbol": "o",
        "color": "yellow",
        "aggression": 100,
        "morale": 100,
        "melee_skill": 0,
        "melee_dice": 10,
        "melee_dice_sides": 3,
        "vision_day": 5,
        "vision_night": 5,
        "harvest": "exempt",
        "death_drops": {  },
        "special_attacks": 
          [ 
            [ "RANGED_PULL", 5 ]
          ],
        "death_function": [ "DISAPPEAR" ],
        "flags": [
          "SEES",
          "NOGIB",
          "NOHEAD",
          "NO_BREATHE",
          "COLDPROOF", 
          "ACIDPROOF",
          "PACIFIST",
          "IMMOBILE"
        ]
      },

      {
        "id": "PSY_magi_rnd_mon_Strengthening_totem",
        "type": "MONSTER",
        "name": "Strengthening Totem",
        "description": "Strengthening nearby friendly units.",
        "default_faction": "PSY_magi_random_dungeon_monsters",
        "bodytype": "blob",
        "looks_like": "PSY_magi_mon_Strengthening_totem",
        "species": [ "PSY_MAGI_SUMMONED_MONS" ],
        "volume": "1500 ml",
        "weight": "136 g",
        "hp": 50,
        "speed": 100,
        "material": [ "powder" ],
        "symbol": "o",
        "color": "yellow",
        "aggression": 100,
        "morale": 100,
        "melee_skill": 0,
        "melee_dice": 10,
        "luminance": 6,
        "melee_dice_sides": 3,
        "vision_day": 15,
        "vision_night": 15,
        "harvest": "exempt",
        "death_drops": {  },
        "special_attacks": 
          [ 
            { "type": "spell", "spell_data": { "id": "PSY_magi_spell_weak_Strengthening_base" }, "cooldown": 5 }
          ],
        "death_function": [ "DISAPPEAR" ],
        "flags": [
          "SEES",
          "NOGIB",
          "NOHEAD",
          "NO_BREATHE",
          "COLDPROOF", 
          "ACIDPROOF",
          "PACIFIST",
          "IMMOBILE"
        ]
      },

      {
        "id": "PSY_magi_rnd_mon_plague_rat_totem",
        "type": "MONSTER",
        "name": "Plague Rat Totem",
        "description": "Summon a plague rat every 10 seconds.",
        "default_faction": "PSY_magi_random_dungeon_monsters",
        "bodytype": "blob",
        "looks_like": "PSY_magi_mon_plague_rat_totem",
        "species": [ "PSY_MAGI_SUMMONED_MONS" ],
        "volume": "1500 ml",
        "weight": "136 g",
        "hp": 50,
        "speed": 100,
        "material": [ "powder" ],
        "symbol": "o",
        "color": "yellow",
        "aggression": 100,
        "luminance": 2,
        "morale": 100,
        "melee_skill": 0,
        "melee_dice": 10,
        "melee_dice_sides": 3,
        "vision_day": 7,
        "vision_night": 7,
        "harvest": "exempt",
        "death_drops": {  },
        "special_attacks": 
          [ 
            { "type": "spell", "spell_data": { "id": "PSY_magi_spell_weak_summon_plague_rat_base" }, "cooldown": 10 }
          ],
        "death_function": [ "DISAPPEAR" ],
        "flags": [
          "SEES",
          "NOGIB",
          "NOHEAD",
          "NO_BREATHE",
          "COLDPROOF", 
          "ACIDPROOF",
          "PACIFIST",
          "IMMOBILE"
        ]
      },

      {
        "id": "PSY_magi_rnd_mon_plague_rat",
        "type": "MONSTER",
        "name": { "str": "plague rat" },
        "description": "The plague rat, an omnivorous rodent with sheer black fur and a long, rough tail.  Harbinger of pestilence, famine, and mange, it will sometimes swarm over the dead or dying.",
        "default_faction": "PSY_magi_random_dungeon_monsters",
        "bodytype": "pig",
        "species": [ "PSY_MAGI_SUMMONED_MONS" ],
        "looks_like": "PSY_magi_mon_plague_rat",
        "volume": "200 ml",
        "weight": "200 g",
        "hp": 18,
        "speed": 110,
        "material": [ "flesh" ],
        "symbol": "r",
        "color": "dark_gray",
        "aggression": 100,
        "morale": 15,
        "melee_skill": 6,
        "melee_dice": 1,
        "melee_dice_sides": 1,
        "melee_cut": 1,
        "dodge": 3,
        "vision_day": 25,
        "vision_night": 15,
        "harvest": "exempt",
        "death_drops": {  },
        "death_function": [ "DISAPPEAR" ],
        "special_attacks": [
          { "type": "spell", "spell_data": { "id": "PSY_magi_monster_plague_bite_spell" }, "cooldown": 18 }
        ],
        "flags": [ "ACIDPROOF","SEES", "SMELLS", "HEARS", "WARM", "SWIMS", "PATH_AVOID_DANGER_1" ]
      },

      {
        "id": "PSY_magi_rnd_mon_healing_fairy",
        "type": "MONSTER",
        "name": "Healing red Fairy",
        "description": "She is a fairy who will take a stand and heal your hp.",
        "default_faction": "PSY_magi_random_dungeon_allies",
        "species": [ "PSY_MAGI_SUMMONED_MONS" ],
        "volume": "150 ml",
        "weight": "106 g",
        "hp": 12,
        "speed": 130,
        "luminance": 16,
        "material": [ "steel" ],
        "symbol": "/",
        "color": "yellow",
        "aggression": 100,
        "morale": 100,
        "melee_skill": 1,
        "melee_dice": 1,
        "melee_dice_sides": 1,
        "dodge": 15,
        "vision_day": 10,
        "vision_night": 10,
        "special_attacks": [
          { "type": "spell", "spell_data": { "id": "PSY_magi_spell_fairy_heal_base" }, "cooldown": 4 }
        ],
        "death_function": [ "MELT" ],
        "death_drops": "PSY_magi_mon_rnd_coin_1_mon_drops",
        "flags": [
          "SEES",
          "FLIES",
          "HARDTOSHOOT",
          "NOGIB",
          "NOHEAD",
          "NO_BREATHE",
          "PACIFIST",
          "FIREPROOF",
          "COLDPROOF"
        ]
      },

      {
        "id": "PSY_magi_rnd_mon_healing_fairy2",
        "type": "MONSTER",
        "name": "Healing blue Fairy",
        "description": "She is a fairy who will take a stand and heal your mp.",
        "default_faction": "PSY_magi_random_dungeon_allies",
        "species": [ "PSY_MAGI_SUMMONED_MONS" ],
        "volume": "150 ml",
        "weight": "106 g",
        "hp": 12,
        "speed": 130,
        "luminance": 16,
        "material": [ "steel" ],
        "symbol": "/",
        "color": "yellow",
        "aggression": 100,
        "morale": 100,
        "melee_skill": 1,
        "melee_dice": 1,
        "melee_dice_sides": 1,
        "dodge": 15,
        "vision_day": 10,
        "vision_night": 10,
        "special_attacks": [
          { "type": "spell", "spell_data": { "id": "PSY_magi_spell_fairy_mp_heal_base" }, "cooldown": 4 }
        ],
        "death_function": [ "MELT" ],
        "death_drops": "PSY_magi_mon_rnd_coin_1_mon_drops",
        "flags": [
          "SEES",
          "FLIES",
          "HARDTOSHOOT",
          "NOGIB",
          "NOHEAD",
          "NO_BREATHE",
          "PACIFIST",
          "FIREPROOF",
          "COLDPROOF"
        ]
      },

      {
        "id": "PSY_magi_rnd_mon_heal_enchanter",
        "type": "MONSTER",
        "name": "Enchanter",
        "description": "enchanter who excels in the art of enchanting and healing.",
        "default_faction": "PSY_magi_random_dungeon_monsters",
        "bodytype": "flying insect",
        "species": [ "INSECT" ],
        "volume": "65000 ml",
        "weight": "63600 g",
        "hp": 180,
        "speed": 80,
        "material": [ "powder" ],
        "symbol": "o",
        "luminance": 5,
        "color": "yellow",
        "aggression": 100,
        "morale": 50,
        "melee_skill": 1,
        "melee_dice": 2,
        "melee_dice_sides": 3,
        "vision_day": 25,
        "vision_night": 5,
        "death_drops": "PSY_magi_mon_rnd_mon_enchanter_drops",
        "special_attacks": 
          [ 
            { "type": "spell", "spell_data": { "id": "PSY_magi_spell_healing_ally_base" }, "cooldown": 10 }
          ],
        "death_function": [ "DISAPPEAR" ],
        "flags": [
          "SEES",
          "HEARS",
          "NOGIB",
          "SMELLS",
          "PACIFIST",
          "PATH_AVOID_FIRE"
        ]
      },

      {
        "id": "PSY_magi_rnd_mon_baleful_polymorph_frog",
        "type": "MONSTER",
        "name": { "str": "frog" },
        "description": "A conspicuously average american bullfrog.  You better keep prince charming away from it.",
        "default_faction": "PSY_magi_random_dungeon_monsters",
        "species": [ "AMPHIBIAN" ],
        "volume": "750 ml",
        "looks_like": "mon_baleful_polymorph_frog",
        "weight": "1 kg",
        "hp": 20,
        "speed": 80,
        "aggression": 30,
        "morale": 20,
        "melee_skill": 2,
        "melee_dice": 2,
        "melee_dice_sides": 3,
        "material": [ "flesh" ],
        "symbol": "b",
        "color": "green",
        "dodge": 3,
        "special_attacks": [ { "type": "leap", "cooldown": 10, "max_range": 5 } ],
        "death_function": [ "DISAPPEAR" ],
        "flags": [ "SEES", "SMELLS", "HEARS", "SWIMS" ]
      },

      {
        "id": "PSY_magi_mon_lemure",
        "type": "MONSTER",
        "name": "lemure",
        "description": "A lemure resembles a molten mass of flesh with a vaguely humanoid head and torso.",
        "default_faction": "PSY_magi_random_dungeon_monsters",
        "bodytype": "blob",
        "species": [ "MAGICAL_BEAST" ],
        "looks_like": "mon_lemure",
        "diff": 2,
        "volume": "62500 ml",
        "weight": "45 kg",
        "hp": 20,
        "speed": 50,
        "material": [ "flesh" ],
        "symbol": "0",
        "color": "magenta",
        "aggression": 100,
        "luminance": 1,
        "morale": 100,
        "melee_skill": 4,
        "melee_dice": 1,
        "melee_dice_sides": 4,
        "melee_cut": 1,
        "dodge": 2,
        "vision_day": 40,
        "vision_night": 40,
        "harvest": "lemure",
        "anger_triggers": [ "PLAYER_CLOSE" ],
        "death_function": [ "DISAPPEAR" ],
        "death_drops": "PSY_magi_mon_rnd_coin_1_mon_drops",
        "regenerates": 1,
        "flags": [ "SEES", "SMELLS", "HEARS", "PATH_AVOID_FIRE" ]
      },

      {
        "id": "PSY_magi_rnd_mon_vegitable_botanist",
        "type": "MONSTER",
        "name": "Magical Botanist",
        "description": "botanist with access to nature-related magic.",
        "default_faction": "PSY_magi_random_dungeon_monsters",
        "bodytype": "flying insect",
        "species": [ "INSECT" ],
        "volume": "65000 ml",
        "weight": "63600 g",
        "hp": 130,
        "speed": 100,
        "luminance": 5,
        "material": [ "powder" ],
        "symbol": "o",
        "color": "yellow",
        "aggression": 100,
        "morale": 50,
        "melee_skill": 1,
        "melee_dice": 2,
        "melee_dice_sides": 3,
        "vision_day": 25,
        "vision_night": 5,
        "death_drops": "PSY_magi_mon_rnd_mon_botanist_drops",
        "special_attacks": 
          [ 
            { "type": "spell", "spell_data": { "id": "PSY_magi_spell_botanist_base" }, "cooldown": 7 }
          ],
        "death_function": [ "DISAPPEAR" ],
        "flags": [
          "SEES",
          "HEARS",
          "NOGIB",
          "ACIDPROOF",
          "SMELLS",
          "PATH_AVOID_FIRE"
        ]
      }

]