[

    {
        "abstract": "PSY_magi_spell_wand",
        "name": { "str": "Magic Wand" },
        "type": "TOOL",
        "weight": "230 g",
        "volume": "500 ml",
        "price": "400 USD",
        "bashing": 3,
        "to_hit": 1,
        "material": [ "wood" ],
        "looks_like": "spell_wand",
        "symbol": "|",
        "color": "brown",
        "flags": [ "BELT_CLIP", "NONCONDUCTIVE", "MAGIC_FOCUS" ],
        "charges_per_use": 1,
        "ammo": [ "crystallized_mana" ],
        "pocket_data": [
          {
            "pocket_type": "MAGAZINE_WELL",
            "holster": true,
            "max_contains_volume": "20 L",
            "max_contains_weight": "20 kg",
            "item_restriction": [ "small_mana_crystal" ]
          }
        ]
      },

      {
        "type": "TOOL",
        "id": "PSY_magi_wand_magic_transform_minor",
        "name": { "str": "minor wand of random polymorph", "str_pl": "minor wands of random polymorph" },
        "copy-from": "PSY_magi_spell_wand",
        "price_postapoc": "150 USD",
        "description": "A slender wooden wand with a mana crystal socket at the base that casts a spell when activated.  This wand casts [random polymorph] that polymorphs target enemy has MAXHP equal 100 or less.",
        "use_action": { "type": "cast_spell", "spell_id": "PSY_magi_random_polymorph", "no_fail": true, "level": 5, "need_wielding": true }
      },
      {
        "type": "TOOL",
        "id": "PSY_magi_wand_magic_transform_lesser",
        "name": { "str": "lesser wand of random polymorph", "str_pl": "lesser wands of random polymorph" },
        "copy-from": "PSY_magi_spell_wand",
        "price": 20000,
        "description": "A slender wooden wand with a mana crystal socket at the base that casts a spell when activated.  This wand casts [random polymorph] that polymorphs target enemy has MAXHP equal 150 or less.",
        "use_action": { "type": "cast_spell", "spell_id": "PSY_magi_random_polymorph", "no_fail": true, "level": 5, "need_wielding": true }
      },
      {
        "type": "TOOL",
        "id": "PSY_magi_wand_magic_transform_greater",
        "name": { "str": "greater wand of random polymorph", "str_pl": "greater wands of random polymorph" },
        "copy-from": "PSY_magi_spell_wand",
        "price": 30000,
        "description": "A slender wooden wand with a mana crystal socket at the base that casts a spell when activated.  This wand casts [random polymorph] that polymorphs target enemy has MAXHP equal 200 or less.",
        "use_action": { "type": "cast_spell", "spell_id": "PSY_magi_random_polymorph", "no_fail": true, "level": 10, "need_wielding": true }
      },

      {
        "type": "TOOL",
        "id": "PSY_magi_wand_summon_insects",
        "name": { "str": "wand of insects", "str_pl": "greater wands of insects" },
        "copy-from": "PSY_magi_spell_wand",
        "price": 30000,
        "description": "A slender wooden wand with a mana crystal socket at the base that casts a spell when activated.  This wand casts [Summon insect] that summon random insects.",
        "use_action": { "type": "cast_spell", "spell_id": "PSY_magi_item_spell_summon_insects", "no_fail": true, "level": 0, "need_wielding": true }
      }

]