[

    {
        "id": "PSY_magi_fake_plasma_bio_gun",
        "type": "GUN",
        "copy-from": "fake_item",
        "name": { "str": "plasma bio-gun" },
        "description": "Fake gun that fires some sort of solidified organic matter at very high speed by unknown means of propulsion.",
        "flags": [ "NEVER_JAMS" ],
        "ammo_effects": [ "NEVER_MISFIRES", "NO_PENETRATE_OBSTACLES","NO_ITEM_DAMAGE","WIDE","PLASMA" ],
        "skill": "rifle",
        "durability": 10,
        "range": 50,
        "dispersion": 900,
        "loudness": 14,
        "recoil": 100,
        "modes": [ [ "DEFAULT", "semi-auto", 2 ], [ "AUTO", "auto",3 ] ],
        "ranged_damage": { "damage_type": "cold", "amount": 10, "armor_penetration": 10 }
      },

      {
        "id": "PSY_magi_fake_seed_bio_gun",
        "type": "GUN",
        "copy-from": "fake_item",
        "name": { "str": "seed bio-gun" },
        "description": "Fake gun that fires some sort of solidified organic matter at very high speed by unknown means of propulsion.",
        "flags": [ "NEVER_JAMS" ],
        "ammo_effects": [ "NEVER_MISFIRES", "NO_PENETRATE_OBSTACLES","NO_ITEM_DAMAGE" ],
        "skill": "rifle",
        "durability": 10,
        "range": 25,
        "dispersion": 2500,
        "loudness": 8,
        "recoil": 300,
        "modes": [ [ "DEFAULT", "semi-auto", 3 ], [ "AUTO", "auto",6 ] ],
        "ranged_damage": { "damage_type": "stab", "amount": 4, "armor_penetration": 1 }
      },

      {
        "id": "PSY_magi_fake_vine_whip",
        "type": "GUN",
        "copy-from": "fake_item",
        "name": { "str": "vine whip" },
        "description": "Fake gun that fires some sort of solidified organic matter at very high speed by unknown means of propulsion.",
        "flags": [ "NEVER_JAMS" ],
        "ammo_effects": [ "NEVER_MISFIRES", "NO_PENETRATE_OBSTACLES","NO_ITEM_DAMAGE" ],
        "skill": "rifle",
        "durability": 10,
        "range": 2,
        "dispersion": 20,
        "loudness": 3,
        "recoil": 3,
        "modes": [ [ "DEFAULT", "semi-auto", 1 ], [ "AUTO", "auto",2 ] ],
        "ranged_damage": { "damage_type": "stab", "amount": 12, "armor_penetration": 3 }
      },

      {
        "id": "PSY_magi_fake_vine_whip_weak",
        "type": "GUN",
        "copy-from": "fake_item",
        "name": { "str": "vine whip" },
        "description": "Fake gun that fires some sort of solidified organic matter at very high speed by unknown means of propulsion.",
        "flags": [ "NEVER_JAMS" ],
        "ammo_effects": [ "NEVER_MISFIRES", "NO_PENETRATE_OBSTACLES","NO_ITEM_DAMAGE" ],
        "skill": "rifle",
        "durability": 10,
        "range": 2,
        "dispersion": 20,
        "loudness": 3,
        "recoil": 3,
        "modes": [ [ "DEFAULT", "semi-auto", 1 ], [ "AUTO", "auto",2 ] ],
        "ranged_damage": { "damage_type": "stab", "amount": 4, "armor_penetration": 2 }
      },

      {
        "id": "PSY_magi_fake_laser_bio_gun",
        "type": "GUN",
        "copy-from": "fake_item",
        "name": { "str": "plasma bio-gun" },
        "description": "Fake gun that fires some sort of solidified organic matter at very high speed by unknown means of propulsion.",
        "flags": [ "NEVER_JAMS" ],
        "ammo_effects": [ "NEVER_MISFIRES", "NO_PENETRATE_OBSTACLES","NO_ITEM_DAMAGE","LASER" ],
        "skill": "rifle",
        "durability": 10,
        "range": 25,
        "dispersion": 1000,
        "ranged_damage": { "damage_type": "pure", "amount": 12, "armor_penetration": 4 }
      },

      {
        "id": "PSY_magi_fake_electro_bio_gun",
        "type": "GUN",
        "copy-from": "fake_item",
        "name": { "str": "plasma bio-gun" },
        "description": "Fake gun that fires some sort of solidified organic matter at very high speed by unknown means of propulsion.",
        "flags": [ "NEVER_JAMS" ],
        "ammo_effects": [ "NEVER_MISFIRES", "NO_PENETRATE_OBSTACLES","NO_ITEM_DAMAGE","WIDE","LIGHTNING" ],
        "skill": "rifle",
        "durability": 10,
        "range": 25,
        "dispersion": 1800,
        "loudness": 38,
        "recoil": 500,
        "modes": [ [ "DEFAULT", "semi-auto", 2 ], [ "AUTO", "auto",3 ] ],
        "ranged_damage": { "damage_type": "electric", "amount": 4, "armor_penetration": 10 }
      },

      {
        "id": "PSY_magi_fake_laser_turret_gun",
        "type": "GUN",
        "copy-from": "fake_item",
        "name": { "str": "laser turret-gun" },
        "description": "Fake gun that fires some sort of solidified organic matter at very high speed by unknown means of propulsion.",
        "flags": [ "NEVER_JAMS" ],
        "ammo_effects": [ "NEVER_MISFIRES","NO_ITEM_DAMAGE","WIDE","LASER" ],
        "skill": "rifle",
        "durability": 10,
        "range": 25,
        "dispersion": 1800,
        "loudness": 38,
        "recoil": 500,
        "modes": [ [ "DEFAULT", "semi-auto", 4 ], [ "AUTO", "auto",3 ] ],
        "ranged_damage": { "damage_type": "pure", "amount": 6, "armor_penetration": 1 }
      }


]