[

    {
        "type": "COMESTIBLE",
        "id": "PSY_magi_rice_ball",
        "name": { "str": "Rice ball" },
        "weight": "200 g",
        "color": "brown",
        "spoils_in": "1080 days",
        "comestible_type": "FOOD",
        "symbol": "%",
        "healthy": 1,
        "calories": 364,
        "description": "These rice balls are large and nutritious. Some people only eat these.",
        "price": 47,
        "price_postapoc": 100,
        "material": [ "wheat" ],
        "volume": "250 ml",
        "charges": 1,
        "flags": [ "EATEN_HOT" ],
        "fun": 3,
        "vitamins": [ [ "vitA", 5 ],[ "vitC", 5 ], [ "calcium", 10 ], [ "iron", 4 ] ]
    },

    {
        "type": "COMESTIBLE",
        "id": "PSY_magi_grilled_rice_ball",
        "name": { "str": "Grilled rice ball" },
        "weight": "200 g",
        "use_action": { "type": "cast_spell", "spell_id": "PSY_magi_onigiri_recover_HP", "no_fail": true, "level": 0 },
        "color": "brown",
        "spoils_in": "1080 days",
        "comestible_type": "FOOD",
        "symbol": "%",
        "healthy": 2,
        "calories": 384,
        "description": "These grilled rice balls have a savory soy sauce flavor. It also recovers HP mysteriously.",
        "price": 47,
        "price_postapoc": 100,
        "material": [ "wheat" ],
        "volume": "250 ml",
        "charges": 1,
        "flags": [ "EATEN_HOT" ],
        "fun": 5,
        "vitamins": [ [ "vitA", 7 ],[ "vitC", 7 ], [ "calcium", 13 ], [ "iron", 6 ] ]
    },

    {
        "type": "COMESTIBLE",
        "id": "PSY_magi_egg_thunder_bird",
        "name": { "str": "thunder bird egg" },
        "looks_like": "egg_bird",
        "weight": "157 g",
        "color": "brown",
        "spoils_in": "14 days",
        "comestible_type": "FOOD",
        "symbol": "o",
        "quench": 9,
        "healthy": 2,
        "calories": 150,
        "description": "Nutritious egg laid by a thunder bird.",
        "price": 44,
        "price_postapoc": 50,
        "material": [ "egg" ],
        "volume": "50 ml",
        "stack_size": 1,
        "fun": -8,
        "flags": [ "FREEZERBURN", "RAW" ],
        "rot_spawn": "GROUP_PSY_magi_EGG_THUNDER",
        "vitamins": [ [ "vitA", 9 ], [ "calcium", 3 ], [ "iron", 4 ], [ "vitB", 21 ] ],
        "rot_spawn_chance": 75
    },

    {
        "type": "COMESTIBLE",
        "id": "PSY_magi_egg_blaze_bird",
        "name": { "str": "blaze bird egg" },
        "looks_like": "egg_bird",
        "weight": "157 g",
        "color": "brown",
        "spoils_in": "14 days",
        "comestible_type": "FOOD",
        "symbol": "o",
        "quench": 9,
        "healthy": 2,
        "calories": 150,
        "description": "Nutritious egg laid by a blaze bird.",
        "price": 44,
        "price_postapoc": 50,
        "material": [ "egg" ],
        "volume": "50 ml",
        "stack_size": 1,
        "fun": -8,
        "flags": [ "FREEZERBURN", "RAW" ],
        "rot_spawn": "GROUP_PSY_magi_EGG_BLAZE",
        "vitamins": [ [ "vitA", 9 ], [ "calcium", 3 ], [ "iron", 4 ], [ "vitB", 21 ] ],
        "rot_spawn_chance": 75
    }


]